index,actual,predicted
0,6,2
1,5,17
2,10,17
3,0,17
4,3,3
5,21,16
6,10,3
7,14,2
8,3,16
9,7,2
10,8,16
11,8,16
12,21,17
13,12,17
14,7,2
15,4,17
16,22,17
17,0,17
18,7,14
19,7,16
20,2,2
21,0,17
22,21,16
23,4,17
24,10,17
25,15,14
26,2,2
27,15,16
28,7,14
29,1,17
30,7,16
31,8,16
32,13,17
33,19,2
34,3,16
35,21,17
36,13,17
37,3,16
38,18,17
39,14,14
40,15,16
41,23,14
42,8,16
43,15,14
44,14,2
45,5,17
46,17,17
47,4,17
48,19,2
49,13,17
50,20,17
51,22,17
52,20,17
53,5,2
54,16,14
55,16,16
56,21,16
57,4,17
58,7,2
59,22,17
60,10,16
61,13,17
62,11,14
63,22,17
64,2,2
65,10,17
66,1,17
67,4,17
68,18,17
69,4,17
70,20,17
71,6,14
72,15,14
73,4,16
74,3,3
75,20,17
76,15,14
77,11,14
78,2,2
79,2,2
80,17,17
81,2,2
82,7,2
83,21,16
84,23,14
85,7,16
86,12,17
87,17,16
88,24,17
89,14,2
90,2,2
91,1,17
92,7,2
93,23,2
94,8,17
95,5,16
96,0,17
97,0,17
98,19,2
99,21,16
100,8,16
101,4,17
102,2,2
103,20,17
104,16,14
105,1,17
106,15,14
107,14,2
108,2,2
109,6,2
110,12,17
111,5,16
112,0,17
113,24,14
114,2,2
115,19,2
116,14,16
117,24,16
118,16,16
119,10,16
120,4,17
121,8,17
122,8,17
123,12,16
124,12,17
125,8,16
126,6,2
127,21,16
128,4,17
129,15,3
130,11,2
131,21,3
132,2,2
133,15,16
134,23,2
135,23,16
136,4,17
137,21,16
138,22,17
139,3,16
140,15,14
141,18,17
142,7,2
143,17,17
144,21,16
145,6,2
146,1,17
147,6,2
148,10,17
149,5,14
150,4,17
151,21,14
152,3,17
153,21,14
154,14,2
155,23,16
156,2,2
157,10,17
158,7,2
159,5,16
160,14,2
161,21,14
162,8,3
163,4,17
164,18,17
165,23,14
166,13,17
167,3,16
168,6,2
169,8,16
170,13,17
171,15,16
172,4,17
173,16,16
174,3,17
175,17,17
176,18,17
177,6,2
178,21,17
179,1,17
180,13,17
181,16,16
182,24,17
183,23,14
184,2,2
185,7,14
186,8,17
187,24,16
188,1,17
189,12,17
190,23,2
191,3,16
192,0,3
193,15,14
194,13,17
195,15,16
196,13,17
197,5,2
198,11,2
199,1,17
200,7,2
201,7,2
202,8,16
203,1,3
204,23,16
205,0,17
206,8,17
207,19,2
208,20,17
209,14,2
210,3,17
211,7,2
212,14,2
213,12,17
214,18,17
215,6,2
216,3,17
217,15,14
218,4,17
219,10,17
220,4,17
221,15,16
222,5,14
223,6,2
224,10,17
225,1,17
226,2,2
227,15,16
228,17,16
229,18,17
230,12,17
231,6,2
232,5,2
233,19,2
234,5,17
235,1,17
236,21,16
237,8,17
238,23,16
239,24,16
240,10,17
241,7,14
242,19,16
243,12,17
244,24,14
245,1,17
246,15,14
247,4,17
248,10,17
249,22,17
250,16,16
251,1,17
252,24,3
253,12,17
254,24,17
255,1,17
256,22,17
257,19,2
258,4,17
259,23,16
260,10,16
261,12,17
262,3,17
263,12,17
264,16,14
265,8,16
266,19,16
267,17,17
268,14,2
269,6,2
270,10,3
271,8,3
272,20,17
273,24,17
274,7,2
275,4,17
276,10,17
277,6,2
278,0,17
279,15,16
280,13,16
281,14,2
282,6,2
283,24,14
284,6,2
285,14,2
286,12,17
287,18,17
288,21,16
289,20,17
290,6,2
291,1,17
292,24,17
293,1,17
294,20,17
295,2,2
296,19,2
297,12,17
298,15,2
299,24,17
300,7,2
301,13,17
302,2,2
303,4,17
304,1,17
305,4,3
306,4,17
307,8,17
308,21,16
309,0,17
310,0,17
311,0,17
312,21,16
313,17,17
314,21,17
315,16,14
316,2,2
317,23,16
318,14,2
319,3,17
320,15,2
321,12,17
322,2,2
323,5,16
324,5,16
325,21,16
326,21,16
327,14,14
328,15,16
329,18,3
330,7,2
331,3,17
332,1,17
333,7,2
334,20,17
335,8,16
336,12,17
337,3,17
338,13,17
339,19,16
340,20,17
341,4,17
342,1,17
343,24,17
344,3,16
345,20,17
346,18,17
347,15,14
348,6,2
349,4,3
350,1,17
351,24,16
352,2,2
353,8,17
354,4,17
355,24,2
356,6,2
357,1,17
358,4,17
359,19,2
360,24,17
361,10,16
362,12,17
363,20,17
364,1,17
365,6,2
366,21,16
367,23,16
368,11,14
369,23,14
370,2,2
371,15,16
372,3,16
373,23,14
374,14,2
375,24,3
376,19,2
377,15,16
378,10,17
379,24,17
380,13,17
381,7,14
382,21,17
383,18,17
384,12,17
385,0,17
386,23,14
387,21,17
388,5,17
389,10,3
390,4,17
391,3,17
392,17,17
393,14,2
394,6,14
395,8,17
396,23,2
397,20,16
398,7,2
399,12,17
400,22,17
401,0,17
402,7,2
403,4,17
404,10,17
405,12,17
406,4,16
407,1,17
408,11,14
409,14,2
410,20,17
411,21,16
412,3,16
413,12,17
414,24,17
415,11,2
416,1,17
417,10,17
418,22,17
419,7,2
420,11,2
421,1,17
422,15,16
423,18,3
424,24,17
425,10,16
426,0,17
427,7,2
428,19,16
429,7,2
430,22,16
431,18,16
432,1,17
433,2,2
434,14,2
435,21,17
436,12,16
437,18,17
438,1,17
439,15,16
440,22,17
441,6,2
442,21,17
443,15,16
444,19,2
445,12,17
446,5,17
447,22,17
448,1,17
449,12,17
450,18,17
451,24,3
452,14,14
453,18,16
454,22,17
455,13,17
456,7,2
457,21,16
458,18,16
459,11,2
460,7,2
461,3,16
462,3,16
463,12,17
464,0,17
465,4,17
466,1,17
467,6,2
468,19,16
469,10,17
470,16,16
471,12,17
472,0,17
473,20,17
474,14,16
475,20,17
476,21,3
477,2,2
478,2,2
479,19,2
480,13,17
481,23,14
482,5,2
483,2,2
484,6,2
485,0,17
486,15,16
487,1,17
488,17,16
489,21,16
490,1,17
491,12,17
492,0,17
493,12,17
494,21,16
495,24,14
496,24,3
497,22,17
498,24,17
499,7,2
500,1,3
501,12,17
502,22,17
503,6,2
504,12,17
505,12,16
506,13,16
507,1,17
508,24,16
509,1,17
510,1,17
511,8,17
512,21,16
513,20,17
514,15,14
515,5,2
516,15,14
517,23,16
518,12,17
519,8,17
520,0,17
521,4,17
522,18,17
523,4,17
524,18,17
525,23,14
526,5,2
527,8,3
528,7,2
529,19,2
530,13,16
531,23,16
532,15,14
533,4,17
534,14,2
535,19,2
536,18,17
537,4,17
538,23,14
539,3,16
540,11,2
541,11,2
542,5,2
543,0,17
544,6,2
545,15,16
546,12,16
547,19,2
548,12,17
549,8,17
550,14,2
551,2,2
552,13,16
553,21,16
554,17,17
555,6,2
556,2,2
557,12,17
558,7,14
559,24,2
560,5,2
561,19,2
562,4,3
563,12,17
564,15,2
565,17,17
566,20,17
567,4,17
568,15,16
569,16,16
570,12,17
571,10,17
572,17,17
573,0,17
574,7,2
575,21,16
576,12,17
577,4,3
578,23,16
579,8,17
580,1,17
581,6,2
582,22,17
583,10,17
584,14,16
585,17,17
586,23,16
587,7,14
588,23,16
589,8,17
590,8,17
591,2,2
592,2,2
593,11,14
594,2,2
595,18,17
596,16,16
597,4,17
598,22,17
599,0,17
600,6,2
601,0,17
602,23,14
603,4,17
604,6,2
605,13,17
606,4,17
607,20,17
608,7,2
609,1,17
610,19,2
611,21,16
612,7,14
613,6,2
614,15,16
615,8,16
616,14,2
617,17,17
618,15,14
619,0,17
620,11,2
621,22,17
622,12,17
623,13,17
624,21,17
625,4,17
626,7,2
627,18,17
628,12,3
629,21,3
630,1,17
631,16,16
632,15,17
633,8,16
634,15,14
635,23,14
636,19,2
637,15,14
638,21,16
639,7,2
640,21,17
641,21,17
642,0,17
643,10,17
644,12,17
645,6,2
646,13,17
647,12,16
648,5,14
649,20,17
650,5,2
651,12,17
652,13,3
653,4,3
654,10,17
655,7,2
656,11,2
657,0,17
658,3,16
659,11,2
660,12,17
661,7,2
662,12,16
663,4,17
664,5,2
665,12,17
666,21,16
667,11,2
668,6,2
669,24,14
670,4,3
671,2,2
672,8,17
673,4,17
674,24,17
675,10,17
676,3,17
677,0,17
678,23,16
679,4,17
680,10,16
681,4,17
682,19,2
683,20,17
684,12,17
685,11,2
686,6,14
687,12,17
688,15,14
689,18,17
690,19,16
691,13,16
692,4,17
693,10,17
694,5,14
695,18,17
696,24,17
697,3,17
698,7,16
699,2,2
700,1,17
701,8,17
702,0,17
703,4,17
704,6,2
705,15,14
706,15,2
707,4,17
708,15,16
709,5,14
710,3,16
711,5,2
712,24,16
713,12,17
714,8,17
715,17,16
716,10,17
717,15,16
718,16,16
719,20,17
720,12,17
721,21,16
722,23,2
723,7,2
724,4,3
725,15,14
726,12,17
727,7,2
728,24,14
729,19,2
730,7,2
731,23,14
732,15,14
733,1,17
734,4,17
735,15,16
736,14,14
737,13,17
738,0,17
739,19,2
740,6,16
741,1,17
742,17,14
743,10,17
744,7,16
745,10,17
746,10,17
747,1,17
748,6,2
749,10,16
750,20,17
751,12,17
752,23,2
753,19,2
754,2,2
755,15,16
756,21,17
757,6,2
758,6,2
759,3,17
760,0,17
761,18,17
762,21,3
763,24,16
764,5,14
765,4,17
766,4,17
767,15,14
768,7,14
769,4,3
770,19,16
771,12,17
772,8,17
773,11,14
774,1,17
775,19,2
776,19,3
777,6,2
778,1,17
779,20,17
780,18,17
781,6,16
782,15,14
783,5,17
784,24,17
785,19,16
786,3,16
787,22,17
788,7,2
789,5,2
790,8,16
791,10,17
792,0,17
793,1,17
794,7,16
795,4,17
796,24,17
797,6,2
798,12,16
799,14,2
800,22,3
801,1,17
802,1,17
803,19,2
804,15,16
805,18,17
806,21,16
807,11,2
808,6,2
809,3,3
810,4,17
811,8,17
812,6,2
813,2,2
814,12,17
815,14,2
816,0,17
817,10,17
818,24,17
819,13,17
820,2,2
821,12,17
822,14,2
823,23,14
824,6,2
825,6,2
826,4,17
827,20,17
828,24,17
829,1,17
830,24,16
831,0,17
832,5,2
833,7,2
834,23,14
835,2,2
836,22,17
837,19,2
838,21,16
839,6,16
840,21,17
841,22,17
842,13,17
843,10,16
844,24,16
845,7,14
846,15,14
847,20,17
848,13,17
849,7,14
850,10,17
851,3,17
852,8,17
853,1,17
854,1,17
855,3,17
856,1,17
857,4,17
858,0,17
859,19,2
860,6,2
861,15,14
862,11,2
863,7,2
864,13,17
865,15,16
866,0,17
867,10,17
868,12,17
869,0,17
870,7,2
871,20,17
872,5,2
873,5,2
874,4,17
875,23,16
876,1,16
877,17,17
878,4,17
879,20,17
880,7,14
881,5,2
882,4,16
883,7,14
884,23,14
885,4,17
886,15,14
887,10,17
888,10,3
889,21,17
890,15,16
891,10,17
892,3,17
893,8,17
894,7,14
895,7,2
896,4,17
897,1,17
898,6,2
899,8,3
900,21,16
901,2,2
902,22,17
903,1,17
904,18,17
905,1,17
906,14,14
907,16,16
908,14,2
909,2,2
910,12,17
911,10,3
912,5,16
913,12,17
914,7,14
915,1,17
916,1,17
917,24,3
918,13,17
919,7,14
920,14,16
921,21,17
922,6,2
923,19,16
924,18,17
925,4,17
926,21,16
927,19,16
928,4,17
929,4,17
930,6,2
931,13,17
932,1,17
933,15,16
934,0,17
935,8,17
936,0,17
937,14,2
938,12,17
939,7,2
940,21,17
941,8,16
942,12,17
943,10,17
944,2,2
945,1,17
946,19,2
947,2,2
948,24,17
949,21,17
950,8,17
951,24,2
952,3,17
953,18,17
954,0,17
955,6,2
956,1,17
957,11,2
958,21,17
959,14,2
960,6,16
961,0,17
962,11,2
963,24,2
964,13,17
965,19,16
966,24,3
967,13,16
968,4,17
969,16,16
970,0,17
971,0,17
972,6,2
973,22,17
974,10,17
975,1,17
976,4,17
977,5,14
978,7,16
979,5,2
980,16,16
981,4,17
982,11,2
983,14,16
984,0,17
985,12,17
986,24,17
987,22,3
988,7,2
989,15,16
990,12,17
991,16,2
992,2,2
993,22,17
994,1,17
995,5,2
996,24,17
997,4,17
998,8,16
999,6,2
1000,3,16
1001,21,17
1002,6,2
1003,0,17
1004,4,17
1005,21,14
1006,7,14
1007,24,2
1008,23,2
1009,14,16
1010,11,2
1011,11,2
1012,1,17
1013,10,17
1014,10,16
1015,15,16
1016,1,17
1017,5,17
1018,24,17
1019,0,17
1020,21,3
1021,20,17
1022,5,2
1023,22,17
1024,20,17
1025,6,14
1026,7,16
1027,5,16
1028,20,16
1029,10,3
1030,4,16
1031,6,2
1032,12,17
1033,12,17
1034,5,14
1035,23,16
1036,6,2
1037,17,16
1038,12,16
1039,14,16
1040,10,17
1041,10,17
1042,15,16
1043,20,17
1044,0,17
1045,6,2
1046,7,14
1047,1,17
1048,10,16
1049,20,17
1050,21,16
1051,6,2
1052,15,16
1053,19,2
1054,10,16
1055,10,16
1056,1,17
1057,0,17
1058,13,17
1059,0,17
1060,1,17
1061,14,2
1062,5,17
1063,19,2
1064,16,14
1065,2,2
1066,18,17
1067,17,16
1068,20,17
1069,2,2
1070,1,17
1071,15,16
1072,7,14
1073,4,17
1074,2,2
1075,2,2
1076,0,3
1077,24,2
1078,4,17
1079,13,17
1080,4,16
1081,18,17
1082,14,2
1083,20,17
1084,21,17
1085,16,14
1086,0,17
1087,18,17
1088,24,3
1089,18,17
1090,12,17
1091,3,16
1092,12,16
1093,8,17
1094,24,16
1095,24,16
1096,10,17
1097,13,17
1098,4,17
1099,1,17
1100,7,16
1101,6,2
1102,19,16
1103,14,2
1104,11,14
1105,21,17
1106,0,17
1107,24,2
1108,16,16
1109,7,16
1110,8,16
1111,8,16
1112,11,2
1113,1,17
1114,4,17
1115,20,3
1116,7,16
1117,11,2
1118,3,17
1119,4,17
1120,10,17
1121,21,16
1122,0,3
1123,8,17
1124,7,14
1125,15,3
1126,4,17
1127,2,2
1128,4,17
1129,20,17
1130,16,16
1131,15,16
1132,22,17
1133,10,17
1134,19,16
1135,18,17
1136,13,17
1137,0,17
1138,4,17
1139,1,17
1140,12,17
1141,20,17
1142,5,16
1143,17,17
1144,11,2
1145,0,17
1146,3,17
1147,21,14
1148,2,2
1149,1,17
1150,17,17
1151,4,17
1152,3,3
1153,20,17
1154,2,2
1155,3,17
1156,13,17
1157,23,2
1158,15,14
1159,4,16
1160,5,2
1161,13,16
1162,4,17
1163,21,16
1164,10,17
1165,22,17
1166,23,16
1167,16,14
1168,11,2
1169,21,16
1170,6,2
1171,6,2
1172,4,17
1173,20,17
1174,14,2
1175,24,17
1176,5,14
1177,14,2
1178,7,2
1179,2,2
1180,19,16
1181,5,2
1182,0,17
1183,24,17
1184,18,16
1185,23,2
1186,15,14
1187,21,17
1188,4,17
1189,12,17
1190,0,16
1191,15,14
1192,5,2
1193,1,17
1194,12,16
1195,22,17
1196,8,16
1197,6,16
1198,1,17
1199,11,2
1200,1,17
1201,7,2
1202,13,17
1203,19,16
1204,7,14
1205,16,16
1206,22,17
1207,6,2
1208,4,17
1209,12,16
1210,14,16
1211,1,17
1212,13,17
1213,3,17
1214,12,17
1215,18,17
1216,3,16
1217,24,3
1218,7,2
1219,16,16
1220,19,16
1221,19,2
1222,3,16
1223,14,2
1224,21,17
1225,24,2
1226,3,16
1227,8,17
1228,24,16
1229,21,16
1230,4,16
1231,19,16
1232,21,16
1233,4,17
1234,4,17
1235,19,2
1236,0,17
1237,0,17
1238,6,14
1239,23,16
1240,0,17
1241,1,17
1242,18,17
1243,8,3
1244,15,3
1245,15,14
1246,7,2
1247,11,2
1248,8,16
1249,20,3
1250,7,2
1251,14,2
1252,2,2
1253,1,17
1254,4,17
1255,24,17
1256,5,14
1257,14,2
1258,24,14
1259,21,14
1260,1,17
1261,24,16
1262,3,17
1263,19,2
1264,2,2
1265,21,17
1266,8,17
1267,20,17
1268,2,2
1269,3,17
1270,2,2
1271,8,17
1272,10,16
1273,1,17
1274,24,2
1275,20,17
1276,19,16
1277,24,16
1278,15,16
1279,6,2
1280,11,2
1281,19,2
1282,14,16
1283,10,16
1284,10,17
1285,3,16
1286,20,17
1287,2,2
1288,19,2
1289,14,2
1290,7,14
1291,8,16
1292,3,17
1293,23,14
1294,24,17
1295,4,17
1296,24,17
1297,20,16
1298,7,2
1299,1,17
1300,15,16
1301,13,17
1302,23,2
1303,14,2
1304,7,2
1305,3,17
1306,2,2
1307,3,17
1308,0,17
1309,7,14
1310,21,17
1311,10,17
1312,7,2
1313,18,17
1314,18,17
1315,1,17
1316,5,14
1317,2,2
1318,8,16
1319,1,17
1320,11,14
1321,1,17
1322,13,17
1323,21,16
1324,7,2
1325,23,14
1326,5,16
1327,7,2
1328,8,17
1329,19,14
1330,1,3
1331,19,2
1332,0,17
1333,15,16
1334,15,17
1335,5,16
1336,4,17
1337,10,3
1338,6,16
1339,15,2
1340,6,2
1341,18,16
1342,4,17
1343,8,16
1344,6,2
1345,10,17
1346,15,14
1347,21,17
1348,23,2
1349,11,2
1350,4,17
1351,21,16
1352,14,2
1353,13,17
1354,21,16
1355,15,14
1356,23,14
1357,10,3
1358,6,2
1359,13,17
1360,6,2
1361,15,16
1362,5,2
1363,10,16
1364,16,14
1365,16,16
1366,6,16
1367,2,2
1368,17,17
1369,10,16
1370,13,17
1371,12,17
1372,1,17
1373,22,3
1374,20,17
1375,5,2
1376,19,16
1377,8,17
1378,5,17
1379,12,16
1380,4,17
1381,17,17
1382,7,14
1383,17,17
1384,4,17
1385,1,17
1386,1,3
1387,12,17
1388,21,16
1389,13,16
1390,13,17
1391,13,17
1392,4,17
1393,20,16
1394,11,14
1395,6,2
1396,23,2
1397,21,17
1398,13,17
1399,2,2
1400,22,17
1401,7,2
1402,21,16
1403,8,17
1404,18,17
1405,20,17
1406,0,17
1407,11,2
1408,11,2
1409,20,17
1410,14,2
1411,23,2
1412,15,14
1413,3,17
1414,11,14
1415,4,17
1416,24,16
1417,3,16
1418,15,16
1419,4,17
1420,18,16
1421,21,16
1422,3,16
1423,1,17
1424,2,2
1425,7,2
1426,1,17
1427,6,2
1428,1,3
1429,18,17
1430,10,16
1431,20,17
1432,1,17
1433,4,16
1434,10,16
1435,7,2
1436,14,2
1437,1,16
1438,20,16
1439,19,2
1440,2,2
1441,24,3
1442,8,16
1443,2,2
1444,13,17
1445,12,17
1446,4,16
1447,11,14
1448,6,2
1449,23,16
1450,0,17
1451,10,17
1452,20,17
1453,4,17
1454,2,2
1455,12,17
1456,15,2
1457,16,16
1458,19,16
1459,7,2
1460,21,16
1461,3,16
1462,13,17
1463,24,17
1464,4,17
1465,15,2
1466,14,2
1467,0,17
1468,0,17
1469,15,14
1470,16,14
1471,11,2
1472,12,17
1473,1,17
1474,0,3
1475,0,17
1476,10,17
1477,15,16
1478,16,14
1479,0,17
1480,2,2
1481,4,17
1482,21,16
1483,8,17
1484,14,2
1485,6,14
1486,24,14
1487,0,17
1488,1,17
1489,12,17
1490,20,17
1491,10,17
1492,18,17
1493,4,17
1494,6,2
1495,0,3
1496,23,14
1497,7,2
1498,22,17
1499,19,16
1500,12,17
1501,6,2
1502,6,2
1503,22,17
1504,23,14
1505,24,17
1506,3,17
1507,17,17
1508,0,17
1509,21,17
1510,18,3
1511,17,17
1512,24,14
1513,24,16
1514,0,17
1515,19,2
1516,0,17
1517,0,16
1518,10,16
1519,22,17
1520,10,16
1521,1,17
1522,13,17
1523,15,2
1524,12,3
1525,22,17
1526,7,2
1527,1,17
1528,7,2
1529,17,17
1530,1,17
1531,21,14
1532,7,2
1533,22,17
1534,21,17
1535,16,2
1536,24,17
1537,3,17
1538,13,17
1539,22,17
1540,4,17
1541,11,14
1542,4,17
1543,4,17
1544,16,16
1545,21,14
1546,15,14
1547,20,17
1548,19,2
1549,24,2
1550,11,2
1551,16,16
1552,1,17
1553,21,17
1554,6,2
1555,6,2
1556,18,17
1557,5,14
1558,5,2
1559,8,16
1560,22,17
1561,21,17
1562,14,2
1563,8,17
1564,10,17
1565,5,16
1566,2,2
1567,4,16
1568,7,2
1569,4,17
1570,15,14
1571,8,16
1572,7,14
1573,20,17
1574,3,17
1575,24,16
1576,5,2
1577,24,17
1578,22,17
1579,7,14
1580,23,2
1581,1,17
1582,8,17
1583,8,16
1584,6,16
1585,5,14
1586,15,2
1587,2,2
1588,1,17
1589,19,16
1590,12,17
1591,7,2
1592,21,16
1593,3,17
1594,1,17
1595,11,2
1596,21,16
1597,21,17
1598,7,2
1599,13,17
1600,20,17
1601,15,16
1602,24,16
1603,21,16
1604,4,17
1605,10,17
1606,14,2
1607,15,14
1608,10,17
1609,3,17
1610,14,2
1611,23,2
1612,2,2
1613,18,16
1614,12,17
1615,18,17
1616,7,14
1617,7,2
1618,13,17
1619,19,2
1620,13,17
1621,6,2
1622,23,16
1623,19,2
1624,6,2
1625,18,16
1626,23,2
1627,14,2
1628,19,2
1629,4,3
1630,4,17
1631,13,17
1632,12,17
1633,21,16
1634,19,16
1635,1,17
1636,19,16
1637,14,16
1638,12,17
1639,22,17
1640,22,17
1641,10,16
1642,7,2
1643,3,17
1644,0,17
1645,1,17
1646,24,17
1647,19,2
1648,20,17
1649,21,17
1650,0,17
1651,12,17
1652,19,16
1653,13,17
1654,8,17
1655,1,17
1656,10,17
1657,0,17
1658,1,16
1659,7,2
1660,7,16
1661,11,2
1662,13,17
1663,18,17
1664,2,2
1665,11,2
1666,15,17
1667,20,17
1668,14,2
1669,11,2
1670,18,17
1671,20,3
1672,8,3
1673,7,2
1674,12,17
1675,22,17
1676,21,16
1677,15,14
1678,1,17
1679,10,16
1680,14,2
1681,0,17
1682,10,16
1683,7,14
1684,4,17
1685,24,17
1686,8,16
1687,22,3
1688,12,17
1689,10,3
1690,23,14
1691,3,16
1692,12,17
1693,7,2
1694,13,17
1695,15,14
1696,19,2
1697,18,17
1698,4,17
1699,1,17
1700,7,2
1701,0,17
1702,22,16
1703,7,2
1704,19,16
1705,22,17
1706,24,14
1707,10,17
1708,7,2
1709,13,17
1710,1,17
1711,7,2
1712,19,2
1713,15,14
1714,14,2
1715,11,2
1716,15,14
1717,21,16
1718,23,14
1719,7,16
1720,24,17
1721,23,16
1722,6,16
1723,15,14
1724,1,3
1725,16,16
1726,0,16
1727,7,2
1728,19,2
1729,15,16
1730,13,17
1731,2,2
1732,22,17
1733,12,17
1734,13,16
1735,7,2
1736,24,17
1737,11,2
1738,11,2
1739,1,17
1740,1,17
1741,1,17
1742,14,2
1743,14,2
1744,10,17
1745,13,17
1746,19,2
1747,20,17
1748,7,14
1749,0,17
1750,14,2
1751,15,16
1752,17,3
1753,5,2
1754,6,2
1755,7,2
1756,2,2
1757,7,2
1758,22,17
1759,17,17
1760,0,17
1761,12,17
1762,21,17
1763,19,2
1764,0,17
1765,4,17
1766,21,16
1767,6,2
1768,2,2
1769,24,17
1770,22,17
1771,10,17
1772,12,17
1773,13,17
1774,21,16
1775,23,16
1776,15,2
1777,5,17
1778,23,16
1779,2,2
1780,24,16
1781,7,14
1782,22,3
1783,8,17
1784,22,16
1785,5,16
1786,10,17
1787,10,17
1788,5,14
1789,7,14
1790,0,17
1791,1,17
1792,1,17
1793,22,17
1794,12,17
1795,8,3
1796,22,17
1797,13,17
1798,6,2
1799,5,17
1800,21,16
1801,7,14
1802,2,2
1803,23,3
1804,21,16
1805,7,16
1806,14,2
1807,23,2
1808,7,2
1809,15,14
1810,7,14
1811,13,17
1812,1,16
1813,4,16
1814,11,2
1815,3,16
1816,12,17
1817,18,17
1818,8,16
1819,1,17
1820,12,16
1821,4,17
1822,18,3
1823,18,17
1824,2,2
1825,10,17
1826,18,17
1827,5,17
1828,21,16
1829,23,2
1830,17,17
1831,23,14
1832,15,2
1833,7,2
1834,21,3
1835,8,16
1836,12,17
1837,20,17
1838,1,17
1839,24,3
1840,15,3
1841,4,17
1842,13,17
1843,17,17
1844,16,16
1845,20,17
1846,1,17
1847,24,17
1848,14,2
1849,4,17
1850,11,14
1851,3,3
1852,24,17
1853,19,2
1854,12,16
1855,4,17
1856,6,2
1857,16,16
1858,18,17
1859,12,17
1860,20,17
1861,4,17
1862,1,17
1863,3,17
1864,3,16
1865,0,3
1866,24,16
1867,14,2
1868,2,2
1869,21,14
1870,21,3
1871,6,2
1872,14,2
1873,12,17
1874,21,17
1875,16,14
1876,1,17
1877,6,2
1878,4,17
1879,20,17
1880,4,17
1881,3,3
1882,21,16
1883,1,16
1884,10,16
1885,17,17
1886,0,17
1887,0,17
1888,4,16
1889,19,2
1890,13,17
1891,14,16
1892,23,14
1893,13,17
1894,24,14
1895,7,2
1896,23,16
1897,10,17
1898,4,17
1899,2,2
1900,22,17
1901,10,17
1902,15,14
1903,17,17
1904,14,2
1905,1,17
1906,13,17
1907,4,17
1908,1,17
1909,18,17
1910,6,2
1911,1,17
1912,2,2
1913,13,17
1914,24,17
1915,13,16
1916,22,17
1917,16,16
1918,2,2
1919,22,17
1920,13,16
1921,15,14
1922,23,16
1923,12,17
1924,5,16
1925,14,16
1926,16,14
1927,7,2
1928,4,17
1929,2,2
1930,1,17
1931,21,17
1932,14,2
1933,4,17
1934,1,17
1935,4,17
1936,5,16
1937,11,2
1938,24,17
1939,1,3
1940,7,2
1941,8,17
1942,2,2
1943,3,16
1944,24,17
1945,0,17
1946,11,2
1947,12,17
1948,4,3
1949,15,16
1950,16,16
1951,11,2
1952,2,2
1953,4,16
1954,23,16
1955,0,17
1956,21,17
1957,17,17
1958,2,2
1959,7,16
1960,17,17
1961,12,17
1962,2,2
1963,19,2
1964,19,3
1965,12,17
1966,21,16
1967,6,2
1968,18,17
1969,12,17
1970,13,17
1971,20,17
1972,4,17
1973,5,17
1974,23,14
1975,24,3
1976,18,3
1977,24,3
1978,8,3
1979,6,14
1980,7,2
1981,22,17
1982,17,16
1983,2,2
1984,0,17
1985,2,2
1986,22,3
1987,8,16
1988,4,3
1989,23,16
1990,4,17
1991,8,16
1992,18,17
1993,24,17
1994,14,2
1995,8,17
1996,4,17
1997,4,17
1998,24,17
1999,14,2
2000,2,2
2001,2,2
2002,8,17
2003,6,2
2004,24,16
2005,4,17
2006,18,17
2007,16,16
2008,23,16
2009,23,2
2010,2,2
2011,1,17
2012,15,14
2013,20,17
2014,13,16
2015,20,17
2016,19,2
2017,12,17
2018,11,2
2019,20,17
2020,4,17
2021,16,16
2022,15,16
2023,18,17
2024,18,3
2025,0,16
2026,4,17
2027,11,2
2028,12,16
2029,2,2
2030,7,2
2031,6,16
2032,23,16
2033,5,16
2034,22,17
2035,3,17
2036,23,2
2037,13,16
2038,22,17
2039,21,3
2040,15,16
2041,6,14
2042,13,17
2043,6,2
2044,21,3
2045,1,17
2046,22,3
2047,14,2
2048,6,2
2049,7,2
2050,19,16
2051,12,17
2052,24,17
2053,8,16
2054,0,17
2055,3,16
2056,14,2
2057,18,17
2058,24,14
2059,1,17
2060,1,17
2061,1,17
2062,22,17
2063,23,14
2064,20,17
2065,13,17
2066,18,16
2067,7,2
2068,2,2
2069,12,16
2070,0,17
2071,0,16
2072,7,14
2073,11,2
2074,6,16
2075,24,2
2076,17,17
2077,13,17
2078,19,2
2079,15,16
2080,3,16
2081,21,16
2082,4,17
2083,23,17
2084,19,2
2085,11,2
2086,3,17
2087,6,2
2088,18,17
2089,4,17
2090,22,17
2091,15,2
2092,1,17
2093,16,14
2094,7,14
2095,19,2
2096,6,2
2097,5,2
2098,2,2
2099,12,17
2100,12,17
2101,23,2
2102,5,16
2103,18,17
2104,12,17
2105,2,2
2106,6,2
2107,1,17
2108,8,17
2109,0,17
2110,10,17
2111,4,16
2112,17,17
2113,6,2
2114,8,17
2115,7,2
2116,21,3
2117,22,17
2118,12,16
2119,2,2
2120,24,14
2121,16,16
2122,22,17
2123,7,2
2124,5,14
2125,24,14
2126,4,17
2127,11,2
2128,3,17
2129,2,2
2130,16,14
2131,11,14
2132,16,16
2133,21,14
2134,24,16
2135,14,2
2136,24,16
2137,17,17
2138,1,17
2139,13,17
2140,19,16
2141,21,16
2142,16,16
2143,4,17
2144,16,16
2145,13,17
2146,20,17
2147,21,16
2148,4,17
2149,12,17
2150,23,14
2151,12,17
2152,12,17
2153,23,14
2154,11,2
2155,2,2
2156,15,16
2157,6,2
2158,15,14
2159,19,2
2160,16,16
2161,7,2
2162,13,17
2163,23,14
2164,17,17
2165,5,17
2166,2,2
2167,21,16
2168,19,2
2169,17,16
2170,22,17
2171,20,17
2172,1,17
2173,20,16
2174,5,17
2175,4,17
2176,7,2
2177,10,17
2178,2,2
2179,3,17
2180,6,2
2181,21,17
2182,15,16
2183,4,17
2184,6,2
2185,0,17
2186,14,2
2187,21,16
2188,12,17
2189,14,2
2190,21,16
2191,21,16
2192,11,2
2193,7,2
2194,22,16
2195,10,16
2196,11,2
2197,4,17
2198,3,16
2199,14,14
2200,1,17
2201,10,17
2202,8,16
2203,22,17
2204,24,3
2205,4,3
2206,5,2
2207,21,14
2208,23,14
2209,21,17
2210,16,16
2211,14,16
2212,16,14
2213,6,2
2214,23,2
2215,7,14
2216,7,2
2217,2,2
2218,4,17
2219,23,14
2220,15,14
2221,7,14
2222,16,16
2223,24,17
2224,0,17
2225,22,17
2226,11,2
2227,12,17
2228,24,16
2229,6,2
2230,5,16
2231,11,2
2232,12,17
2233,4,17
2234,12,17
2235,3,16
2236,6,2
2237,0,3
2238,23,14
2239,24,17
2240,6,2
2241,1,17
2242,7,16
2243,7,2
2244,0,17
2245,6,2
2246,4,17
2247,6,2
2248,5,17
2249,23,14
2250,1,17
2251,21,16
2252,8,17
2253,10,17
2254,20,3
2255,2,2
2256,0,17
2257,4,17
2258,10,17
2259,24,17
2260,7,2
2261,19,16
2262,24,14
2263,18,16
2264,4,17
2265,7,2
2266,5,14
2267,18,17
2268,17,17
2269,21,16
2270,11,2
2271,5,17
2272,2,2
2273,19,16
2274,20,17
2275,3,17
2276,24,17
2277,19,2
2278,7,2
2279,1,17
2280,1,17
2281,14,2
2282,10,17
2283,19,16
2284,2,2
2285,2,2
2286,3,16
2287,12,17
2288,23,14
2289,14,2
2290,7,14
2291,6,2
2292,18,16
2293,6,2
2294,22,16
2295,2,2
2296,19,2
2297,11,2
2298,23,16
2299,14,2
2300,0,17
2301,2,2
2302,5,2
2303,12,17
2304,6,16
2305,10,17
2306,12,16
2307,6,2
2308,17,17
2309,21,16
2310,3,17
2311,20,3
2312,10,17
2313,11,14
2314,13,17
2315,15,14
2316,10,16
2317,4,17
2318,16,16
2319,5,2
2320,2,2
2321,22,17
2322,21,3
2323,0,17
2324,1,17
2325,19,2
2326,23,14
2327,23,14
2328,21,3
2329,8,17
2330,7,2
2331,22,17
2332,13,17
2333,24,16
2334,21,16
2335,3,17
2336,17,17
2337,22,17
2338,12,17
2339,18,17
2340,20,16
2341,12,3
2342,5,14
2343,1,17
2344,13,17
2345,4,17
2346,19,2
2347,3,16
2348,11,2
2349,4,17
2350,0,17
2351,12,16
2352,4,17
2353,10,17
2354,16,16
2355,2,2
2356,13,17
2357,12,17
2358,10,17
2359,4,17
2360,18,17
2361,16,14
2362,7,14
2363,7,14
2364,20,17
2365,20,17
2366,14,2
2367,1,3
2368,3,16
2369,7,2
2370,2,2
2371,1,17
2372,20,16
2373,15,16
2374,15,14
2375,24,3
2376,7,2
2377,1,16
2378,12,17
2379,13,16
2380,4,17
2381,20,16
2382,6,2
2383,6,2
2384,15,16
2385,15,16
2386,15,14
2387,22,17
2388,13,17
2389,4,17
2390,8,16
2391,1,17
2392,10,16
2393,20,17
2394,8,16
2395,8,17
2396,15,2
2397,8,17
2398,6,2
2399,10,3
2400,10,17
2401,10,17
2402,19,2
2403,6,14
2404,11,2
2405,21,17
2406,7,14
2407,24,3
2408,14,2
2409,7,2
2410,11,2
2411,5,2
2412,2,2
2413,10,17
2414,4,16
2415,22,17
2416,16,14
2417,23,16
2418,21,16
2419,19,2
2420,2,2
2421,10,16
2422,15,16
2423,2,2
2424,4,17
2425,10,3
2426,19,2
2427,5,2
2428,21,17
2429,10,17
2430,14,2
2431,13,17
2432,6,2
2433,12,17
2434,21,16
2435,15,14
2436,2,2
2437,20,17
2438,4,17
2439,7,2
2440,12,17
2441,1,17
2442,15,14
2443,0,17
2444,14,2
2445,13,16
2446,10,17
2447,4,17
2448,7,2
2449,4,17
2450,3,17
2451,21,17
2452,1,17
2453,21,17
2454,21,17
2455,5,14
2456,4,17
2457,11,2
2458,4,17
2459,20,17
2460,1,17
2461,15,14
2462,19,16
2463,8,17
2464,20,16
2465,4,17
2466,5,16
2467,23,2
2468,23,16
2469,2,2
2470,4,17
2471,15,2
2472,5,2
2473,8,16
2474,12,16
2475,24,3
2476,4,17
2477,14,2
2478,15,14
2479,15,16
2480,19,2
2481,23,14
2482,13,17
2483,5,14
2484,4,17
2485,2,2
2486,0,17
2487,12,17
2488,23,2
2489,6,2
2490,10,17
2491,11,2
2492,21,16
2493,19,2
2494,7,14
2495,16,16
2496,10,16
2497,15,14
2498,22,17
2499,0,16
2500,16,16
2501,3,16
2502,19,2
2503,14,2
2504,8,17
2505,21,17
2506,4,17
2507,11,2
2508,5,16
2509,4,17
2510,20,3
2511,23,16
2512,20,17
2513,14,2
2514,15,16
2515,1,17
2516,11,2
2517,7,14
2518,24,17
2519,4,17
2520,11,2
2521,4,17
2522,11,14
2523,1,17
2524,1,17
2525,2,2
2526,8,16
2527,4,17
2528,10,17
2529,23,2
2530,13,17
2531,1,17
2532,10,3
2533,23,2
2534,12,17
2535,20,17
2536,12,16
2537,12,17
2538,4,16
2539,12,16
2540,10,17
2541,20,17
2542,1,17
2543,22,17
2544,5,2
2545,14,14
2546,22,17
2547,23,14
2548,8,3
2549,18,17
2550,16,16
2551,24,16
2552,12,17
2553,12,16
2554,24,16
2555,6,2
2556,3,17
2557,21,16
2558,8,17
2559,1,17
2560,24,14
2561,15,16
2562,24,17
2563,24,17
2564,24,17
2565,0,17
2566,19,2
2567,0,3
2568,22,17
2569,17,16
2570,8,17
2571,23,14
2572,6,2
2573,7,2
2574,0,17
2575,12,17
2576,24,17
2577,14,2
2578,14,2
2579,13,17
2580,18,16
2581,17,16
2582,12,17
2583,0,3
2584,13,3
2585,20,17
2586,7,14
2587,8,16
2588,16,16
2589,13,16
2590,21,17
2591,22,17
2592,23,14
2593,3,17
2594,21,14
2595,8,16
2596,15,16
2597,12,17
2598,0,17
2599,4,17
2600,14,16
2601,8,17
2602,6,16
2603,4,17
2604,7,2
2605,3,17
2606,11,2
2607,13,3
2608,19,2
2609,2,2
2610,6,2
2611,4,17
2612,23,14
2613,12,17
2614,15,16
2615,20,17
2616,7,2
2617,24,2
2618,13,17
2619,4,17
2620,20,17
2621,0,17
2622,0,17
2623,5,2
2624,5,2
2625,11,2
2626,24,17
2627,23,16
2628,10,3
2629,0,3
2630,7,2
2631,6,2
2632,7,16
2633,6,2
2634,15,16
2635,11,14
2636,13,16
2637,15,2
2638,7,2
2639,6,2
2640,7,16
2641,24,17
2642,18,17
2643,1,17
2644,14,2
2645,0,17
2646,15,16
2647,21,16
2648,2,2
2649,6,2
2650,11,2
2651,22,17
2652,18,17
2653,1,17
2654,14,2
2655,19,16
2656,20,17
2657,12,17
2658,7,14
2659,4,17
2660,10,16
2661,11,2
2662,12,17
2663,1,17
2664,10,17
2665,10,16
2666,8,16
2667,14,2
2668,6,2
2669,24,17
2670,6,2
2671,13,17
2672,6,2
2673,7,2
2674,18,16
2675,14,2
2676,6,2
2677,4,17
2678,23,16
2679,17,17
2680,13,17
2681,19,2
2682,5,14
2683,0,17
2684,17,17
2685,7,14
2686,23,2
2687,4,17
2688,6,2
2689,17,17
2690,4,17
2691,1,17
2692,4,17
2693,14,14
2694,24,16
2695,20,17
2696,14,2
2697,0,17
2698,0,17
2699,3,3
2700,13,17
2701,16,16
2702,8,16
2703,2,2
2704,19,3
2705,5,2
2706,4,17
2707,11,2
2708,7,14
2709,13,17
2710,14,2
2711,3,17
2712,10,16
2713,2,2
2714,4,17
2715,20,17
2716,20,17
2717,19,2
2718,2,2
2719,15,16
2720,10,17
2721,10,17
2722,3,17
2723,0,17
2724,12,16
2725,18,16
2726,4,17
2727,22,16
2728,21,17
2729,16,14
2730,2,2
2731,4,17
2732,4,17
2733,4,16
2734,13,16
2735,14,2
2736,12,17
2737,0,17
2738,12,17
2739,12,17
2740,4,17
2741,4,17
2742,13,17
2743,12,17
2744,5,14
2745,10,3
2746,17,17
2747,15,16
2748,7,14
2749,16,16
2750,20,17
2751,24,16
2752,20,17
2753,13,17
2754,14,2
2755,4,17
2756,6,2
2757,0,17
2758,16,16
2759,3,17
2760,2,2
2761,4,17
2762,24,16
2763,18,17
2764,23,14
2765,13,3
2766,23,14
2767,12,17
2768,4,17
2769,7,2
2770,12,17
2771,0,17
2772,15,16
2773,22,17
2774,4,17
2775,5,2
2776,3,16
2777,21,3
2778,12,17
2779,10,17
2780,6,2
2781,0,16
2782,15,16
2783,4,3
2784,2,2
2785,7,2
2786,23,2
2787,4,17
2788,8,16
2789,3,16
2790,22,17
2791,19,2
2792,24,17
2793,8,17
2794,17,16
2795,8,17
2796,13,16
2797,7,14
2798,3,16
2799,4,17
2800,7,2
2801,24,16
2802,11,2
2803,23,2
2804,14,16
2805,0,17
2806,13,17
2807,15,16
2808,24,16
2809,2,2
2810,12,17
2811,8,3
2812,20,17
2813,7,14
2814,18,3
2815,7,2
2816,23,2
2817,2,2
2818,4,17
2819,18,17
2820,20,17
2821,1,17
2822,12,17
2823,11,14
2824,4,17
2825,3,17
2826,6,2
2827,7,14
2828,18,17
2829,2,2
2830,13,17
2831,13,16
2832,17,16
2833,19,2
2834,10,16
2835,20,17
2836,2,2
2837,15,14
2838,4,17
2839,24,17
2840,3,16
2841,12,17
2842,15,16
2843,20,17
2844,0,17
2845,4,3
2846,13,17
2847,17,17
2848,15,16
2849,15,17
2850,1,17
2851,1,17
2852,21,16
2853,21,16
2854,8,16
2855,2,2
2856,20,17
2857,13,17
2858,7,2
2859,3,17
2860,21,16
2861,15,16
2862,16,16
2863,4,17
2864,13,17
2865,4,3
2866,24,14
2867,4,17
2868,12,17
2869,10,17
2870,12,17
2871,0,17
2872,2,2
2873,1,17
2874,6,2
2875,24,14
2876,12,16
2877,20,17
2878,23,2
2879,22,16
2880,6,2
2881,1,17
2882,19,2
2883,6,2
2884,7,16
2885,2,2
2886,15,16
2887,2,2
2888,10,17
2889,1,17
2890,12,17
2891,14,16
2892,20,17
2893,0,17
2894,1,17
2895,23,14
2896,16,16
2897,4,17
2898,10,17
2899,0,3
2900,1,17
2901,0,17
2902,4,3
2903,8,16
2904,6,2
2905,13,17
2906,1,16
2907,20,17
2908,4,17
2909,2,2
2910,7,2
2911,1,17
2912,7,14
2913,20,17
2914,17,17
2915,15,14
2916,20,17
2917,21,16
2918,11,14
2919,0,17
2920,2,2
2921,21,17
2922,21,17
2923,11,14
2924,10,17
2925,13,17
2926,10,17
2927,0,17
2928,20,17
2929,4,17
2930,20,17
2931,20,16
2932,22,17
2933,21,16
2934,10,3
2935,10,17
2936,22,17
2937,12,17
2938,21,17
2939,1,17
2940,1,17
2941,17,17
2942,14,2
2943,4,17
2944,4,17
2945,0,17
2946,17,17
2947,8,16
2948,0,17
2949,13,17
2950,21,16
2951,4,17
2952,10,17
2953,14,2
2954,15,14
2955,20,17
2956,6,2
2957,1,17
2958,24,16
2959,19,2
2960,6,2
2961,7,2
2962,2,2
2963,11,14
2964,0,17
2965,1,17
2966,14,2
2967,13,17
2968,22,17
2969,12,17
2970,13,17
2971,10,17
2972,7,2
2973,21,17
2974,12,17
2975,20,17
2976,2,2
2977,16,16
2978,21,16
2979,21,16
2980,13,17
2981,12,17
2982,8,17
2983,2,2
2984,7,16
2985,5,16
2986,21,16
2987,8,17
2988,6,2
2989,21,3
2990,12,17
2991,2,2
2992,20,17
2993,21,17
2994,24,17
2995,2,2
2996,16,16
2997,0,17
2998,12,17
2999,10,17
3000,8,16
3001,1,17
3002,15,16
3003,19,16
3004,17,17
3005,17,17
3006,17,16
3007,1,17
3008,10,3
3009,11,2
3010,0,17
3011,10,17
3012,0,17
3013,13,17
3014,14,2
3015,8,16
3016,11,2
3017,13,17
3018,5,16
3019,20,16
3020,3,17
3021,7,16
3022,0,16
3023,23,16
3024,10,16
3025,15,14
3026,10,17
3027,3,17
3028,3,17
3029,24,17
3030,16,16
3031,10,17
3032,24,16
3033,20,17
3034,19,16
3035,4,17
3036,21,16
3037,3,17
3038,18,16
3039,18,17
3040,22,17
3041,5,14
3042,10,17
3043,2,2
3044,12,17
3045,21,3
3046,1,17
3047,4,17
3048,11,2
3049,11,2
3050,0,17
3051,3,17
3052,20,17
3053,20,17
3054,10,16
3055,23,14
3056,10,17
3057,24,14
3058,5,17
3059,22,3
3060,21,16
3061,6,14
3062,7,2
3063,15,14
3064,2,2
3065,21,14
3066,12,17
3067,12,17
3068,1,16
3069,10,16
3070,1,17
3071,2,2
3072,24,3
3073,24,2
3074,15,14
3075,21,17
3076,18,17
3077,16,16
3078,11,2
3079,18,17
3080,23,16
3081,22,17
3082,13,17
3083,14,14
3084,7,2
3085,10,17
3086,19,2
3087,24,2
3088,12,17
3089,1,17
3090,5,2
3091,5,2
3092,22,17
3093,19,2
3094,10,17
3095,4,17
3096,21,17
3097,5,14
3098,5,14
3099,23,2
3100,1,17
3101,3,3
3102,7,16
3103,13,17
3104,15,2
3105,7,2
3106,4,17
3107,4,3
3108,6,16
3109,5,2
3110,4,17
3111,21,17
3112,8,17
3113,18,17
3114,0,17
3115,14,14
3116,18,17
3117,0,17
3118,18,17
3119,17,17
3120,12,17
3121,18,17
3122,3,16
3123,12,17
3124,15,14
3125,18,17
3126,2,2
3127,8,16
3128,22,17
3129,12,17
3130,23,2
3131,7,14
3132,20,17
3133,22,17
3134,7,14
3135,13,17
3136,12,17
3137,6,2
3138,22,17
3139,22,16
3140,24,2
3141,11,2
3142,1,17
3143,12,16
3144,15,16
3145,15,2
3146,16,16
3147,1,17
3148,6,2
3149,21,3
3150,8,17
3151,19,16
3152,13,17
3153,15,14
3154,23,14
3155,3,16
3156,1,17
3157,7,14
3158,13,17
3159,7,2
3160,22,16
3161,10,17
3162,5,2
3163,12,3
3164,16,14
3165,13,3
3166,13,16
3167,19,2
3168,24,17
3169,7,14
3170,1,17
3171,5,14
3172,6,14
3173,16,14
3174,18,17
3175,5,16
3176,17,17
3177,23,14
3178,8,17
3179,22,17
3180,23,16
3181,8,16
3182,8,3
3183,20,17
3184,0,17
3185,23,14
3186,5,2
3187,4,17
3188,23,16
3189,7,2
3190,4,17
3191,15,3
3192,19,2
3193,12,17
3194,21,16
3195,10,17
3196,4,17
3197,3,17
3198,20,16
3199,3,17
3200,11,2
3201,13,17
3202,10,17
3203,19,2
3204,0,17
3205,17,17
3206,7,14
3207,24,2
3208,21,17
3209,11,14
3210,3,17
3211,18,17
3212,3,16
3213,1,17
3214,7,2
3215,22,17
3216,19,2
3217,13,16
3218,24,3
3219,4,17
3220,2,2
3221,7,2
3222,4,17
3223,6,16
3224,1,17
3225,15,14
3226,8,3
3227,19,2
3228,8,17
3229,12,17
3230,1,17
3231,0,17
3232,20,17
3233,8,16
3234,0,17
3235,16,16
3236,21,17
3237,6,2
3238,4,17
3239,3,17
3240,7,2
3241,16,2
3242,12,16
3243,22,17
3244,10,17
3245,20,17
3246,23,16
3247,18,16
3248,21,16
3249,19,2
3250,24,17
3251,18,17
3252,10,16
3253,13,17
3254,4,17
3255,16,14
3256,7,2
3257,12,17
3258,1,17
3259,11,2
3260,17,17
3261,0,16
3262,8,17
3263,2,2
3264,6,2
3265,12,17
3266,2,2
3267,10,16
3268,0,17
3269,16,16
3270,17,17
3271,24,3
3272,7,2
3273,2,2
3274,1,16
3275,2,2
3276,4,17
3277,14,2
3278,21,17
3279,4,17
3280,7,14
3281,4,16
3282,1,17
3283,3,16
3284,18,17
3285,23,16
3286,7,2
3287,10,17
3288,1,17
3289,2,2
3290,5,16
3291,12,17
3292,24,2
3293,6,2
3294,22,17
3295,20,17
3296,8,17
3297,17,16
3298,4,17
3299,23,2
3300,10,17
3301,1,17
3302,2,2
3303,13,16
3304,4,17
3305,7,16
3306,5,2
3307,0,17
3308,15,16
3309,11,2
3310,1,17
3311,15,14
3312,0,16
3313,1,17
3314,21,16
3315,14,2
3316,18,17
3317,14,2
3318,5,2
3319,15,16
3320,10,3
3321,2,2
3322,1,16
3323,5,2
3324,1,17
3325,0,17
3326,21,16
3327,17,17
3328,7,16
3329,2,2
3330,18,16
3331,19,2
3332,21,17
3333,19,2
3334,1,17
3335,13,17
3336,13,16
3337,1,17
3338,4,17
3339,20,17
3340,19,2
3341,17,3
3342,19,2
3343,12,17
3344,1,17
3345,20,17
3346,4,17
3347,14,2
3348,14,2
3349,13,17
3350,19,2
3351,7,2
3352,2,2
3353,17,16
3354,18,17
3355,14,2
3356,15,14
3357,12,17
3358,3,17
3359,1,17
3360,10,17
3361,5,16
3362,1,16
3363,1,17
3364,21,17
3365,19,2
3366,1,17
3367,4,17
3368,22,17
3369,7,2
3370,21,17
3371,19,16
3372,22,17
3373,11,2
3374,24,14
3375,23,16
3376,21,17
3377,19,2
3378,23,2
3379,5,14
3380,0,16
3381,1,17
3382,7,14
3383,12,17
3384,24,14
3385,13,17
3386,23,2
3387,18,16
3388,8,16
3389,5,16
3390,4,17
3391,23,14
3392,4,17
3393,1,3
3394,21,17
3395,8,16
3396,17,17
3397,13,17
3398,10,16
3399,21,16
3400,7,2
3401,21,17
3402,24,16
3403,24,16
3404,5,2
3405,12,17
3406,11,2
3407,22,17
3408,14,2
3409,2,2
3410,2,2
3411,23,2
3412,17,17
3413,23,14
3414,24,17
3415,18,16
3416,2,2
3417,21,3
3418,23,16
3419,2,2
3420,3,17
3421,11,2
3422,7,14
3423,4,17
3424,10,3
3425,23,14
3426,22,17
3427,15,16
3428,8,17
3429,21,17
3430,0,17
3431,4,17
3432,20,17
3433,11,2
3434,6,14
3435,2,2
3436,23,14
3437,11,2
3438,7,2
3439,2,2
3440,8,16
3441,1,17
3442,7,2
3443,17,17
3444,24,2
3445,21,16
3446,4,17
3447,1,17
3448,15,16
3449,8,3
3450,21,16
3451,17,17
3452,16,16
3453,5,16
3454,4,17
3455,22,17
3456,4,17
3457,13,17
3458,12,17
3459,18,17
3460,0,17
3461,19,2
3462,6,2
3463,10,17
3464,15,14
3465,5,14
3466,11,2
3467,10,17
3468,3,16
3469,7,14
3470,6,2
3471,22,3
3472,1,17
3473,22,17
3474,1,16
3475,3,16
3476,21,16
3477,4,17
3478,8,17
3479,1,17
3480,12,17
3481,12,17
3482,22,17
3483,20,17
3484,23,2
3485,18,17
3486,20,17
3487,8,16
3488,1,17
3489,3,17
3490,8,17
3491,12,17
3492,21,16
3493,17,17
3494,1,17
3495,7,2
3496,24,17
3497,6,2
3498,10,17
3499,14,2
3500,3,17
3501,16,16
3502,10,16
3503,7,2
3504,11,2
3505,6,2
3506,24,17
3507,14,2
3508,21,3
3509,1,17
3510,20,17
3511,1,16
3512,21,17
3513,8,17
3514,15,14
3515,5,2
3516,15,16
3517,3,17
3518,12,17
3519,16,14
3520,10,17
3521,10,17
3522,5,14
3523,24,17
3524,20,17
3525,5,2
3526,14,2
3527,12,17
3528,10,17
3529,8,17
3530,6,2
3531,4,17
3532,15,14
3533,4,17
3534,12,17
3535,17,17
3536,13,17
3537,10,17
3538,18,17
3539,4,3
3540,24,17
3541,24,16
3542,21,16
3543,15,16
3544,1,17
3545,3,17
3546,19,16
3547,11,14
3548,14,2
3549,4,17
3550,18,17
3551,12,16
3552,10,17
3553,8,17
3554,14,2
3555,10,16
3556,11,2
3557,10,16
3558,1,17
3559,2,2
3560,11,2
3561,17,17
3562,21,16
3563,7,2
3564,1,17
3565,4,17
3566,5,14
3567,5,2
3568,6,2
3569,18,16
3570,14,2
3571,17,17
3572,12,17
3573,7,2
3574,4,17
3575,6,2
3576,10,17
3577,20,16
3578,12,17
3579,1,17
3580,7,2
3581,16,16
3582,15,16
3583,24,3
3584,7,14
3585,14,2
3586,15,16
3587,2,2
3588,19,16
3589,17,17
3590,8,16
3591,19,2
3592,24,14
3593,3,3
3594,14,16
3595,22,17
3596,16,2
3597,20,17
3598,10,17
3599,7,2
3600,11,2
3601,1,17
3602,15,2
3603,11,2
3604,15,16
3605,22,17
3606,18,3
3607,4,3
3608,8,16
3609,7,2
3610,1,17
3611,7,2
3612,18,17
3613,24,2
3614,17,17
3615,14,16
3616,24,16
3617,14,2
3618,15,14
3619,20,3
3620,13,17
3621,21,16
3622,21,16
3623,6,2
3624,24,16
3625,10,16
3626,4,17
3627,19,16
3628,6,2
3629,13,17
3630,12,17
3631,10,17
3632,3,16
3633,10,16
3634,20,17
3635,12,17
3636,17,17
3637,10,16
3638,1,17
3639,14,2
3640,14,16
3641,23,16
3642,21,16
3643,20,17
3644,8,17
3645,6,16
3646,7,2
3647,11,14
3648,12,17
3649,8,17
3650,21,16
3651,21,16
3652,1,17
3653,4,17
3654,2,2
3655,0,17
3656,22,17
3657,4,17
3658,13,17
3659,24,17
3660,18,17
3661,6,2
3662,15,16
3663,24,14
3664,7,14
3665,1,17
3666,18,17
3667,2,2
3668,8,16
3669,14,2
3670,7,2
3671,24,3
3672,12,17
3673,8,17
3674,17,17
3675,0,3
3676,15,2
3677,18,17
3678,0,17
3679,7,2
3680,6,2
3681,5,14
3682,7,16
3683,10,17
3684,8,17
3685,12,17
3686,24,16
3687,15,14
3688,12,17
3689,23,14
3690,6,2
3691,13,17
3692,5,16
3693,0,17
3694,18,17
3695,19,2
3696,2,2
3697,11,2
3698,4,17
3699,7,2
3700,15,2
3701,4,17
3702,0,17
3703,14,16
3704,3,17
3705,8,17
3706,15,14
3707,4,17
3708,2,2
3709,3,17
3710,21,3
3711,19,16
3712,20,17
3713,4,17
3714,2,2
3715,13,17
3716,15,16
3717,11,2
3718,19,2
3719,18,17
3720,6,2
3721,5,2
3722,23,16
3723,5,16
3724,4,17
3725,21,17
3726,20,16
3727,21,16
3728,23,14
3729,22,17
3730,18,16
3731,1,17
3732,7,2
3733,5,14
3734,2,2
3735,22,17
3736,20,17
3737,12,17
3738,1,17
3739,22,17
3740,24,17
3741,11,2
3742,4,17
3743,3,16
3744,17,17
3745,21,17
3746,14,2
3747,4,17
3748,12,17
3749,4,17
3750,8,16
3751,24,16
3752,7,2
3753,13,3
3754,4,17
3755,8,17
3756,16,14
3757,6,2
3758,13,17
3759,1,17
3760,0,17
3761,19,2
3762,8,3
3763,12,17
3764,4,17
3765,20,17
3766,0,17
3767,4,3
3768,0,17
3769,11,2
3770,18,17
3771,11,2
3772,0,16
3773,20,17
3774,20,3
3775,7,2
3776,6,14
3777,7,2
3778,7,14
3779,7,2
3780,13,17
3781,20,17
3782,10,17
3783,23,14
3784,12,16
3785,1,17
3786,16,14
3787,18,17
3788,21,16
3789,8,16
3790,24,3
3791,24,17
3792,10,17
3793,8,16
3794,15,16
3795,1,17
3796,5,14
3797,17,17
3798,13,17
3799,24,3
3800,8,17
3801,8,17
3802,5,14
3803,17,17
3804,23,14
3805,14,2
3806,3,17
3807,20,17
3808,20,17
3809,1,3
3810,7,2
3811,7,2
3812,6,2
3813,18,3
3814,10,17
3815,22,17
3816,0,17
3817,8,16
3818,24,17
3819,24,17
3820,5,14
3821,22,17
3822,13,16
3823,8,17
3824,8,17
3825,18,17
3826,4,17
3827,24,3
3828,24,3
3829,8,17
3830,6,2
3831,19,2
3832,4,3
3833,4,17
3834,1,17
3835,22,17
3836,8,17
3837,15,16
3838,12,17
3839,24,14
3840,24,16
3841,8,17
3842,20,17
3843,4,16
3844,16,16
3845,12,17
3846,7,14
3847,6,2
3848,1,17
3849,4,17
3850,18,17
3851,13,17
3852,0,17
3853,1,17
3854,12,17
3855,23,16
3856,4,17
3857,21,16
3858,0,3
3859,0,17
3860,13,16
3861,16,14
3862,16,16
3863,1,17
3864,12,16
3865,8,16
3866,4,17
3867,19,2
3868,12,17
3869,5,14
3870,6,2
3871,1,17
3872,15,16
3873,23,2
3874,18,17
3875,14,16
3876,10,16
3877,24,16
3878,3,16
3879,7,2
3880,4,17
3881,23,14
3882,24,16
3883,21,17
3884,15,2
3885,22,17
3886,4,17
3887,19,2
3888,1,17
3889,12,17
3890,24,16
3891,14,2
3892,19,2
3893,7,14
3894,13,17
3895,3,17
3896,1,17
3897,23,2
3898,12,17
3899,1,3
3900,24,17
3901,8,17
3902,6,16
3903,0,17
3904,8,17
3905,23,16
3906,4,17
3907,6,2
3908,13,17
3909,3,16
3910,0,17
3911,0,17
3912,4,17
3913,1,17
3914,0,17
3915,18,17
3916,1,17
3917,6,2
3918,15,16
3919,4,17
3920,2,2
3921,4,17
3922,21,17
3923,24,17
3924,24,14
3925,14,2
3926,12,17
3927,23,14
3928,6,2
3929,6,2
3930,0,17
3931,17,16
3932,5,14
3933,10,16
3934,8,17
3935,12,17
3936,6,2
3937,2,2
3938,1,17
3939,16,16
3940,4,17
3941,2,2
3942,0,17
3943,14,14
3944,15,16
3945,13,17
3946,6,2
3947,4,17
3948,10,16
3949,10,17
3950,21,16
3951,7,14
3952,1,17
3953,8,17
3954,2,2
3955,14,2
3956,0,3
3957,8,17
3958,23,14
3959,11,2
3960,24,14
3961,15,14
3962,4,17
3963,7,14
3964,2,2
3965,0,17
3966,10,16
3967,6,2
3968,10,17
3969,15,14
3970,23,2
3971,10,17
3972,18,17
3973,22,17
3974,12,17
3975,13,17
3976,23,16
3977,12,17
3978,21,14
3979,14,16
3980,20,17
3981,2,2
3982,17,17
3983,7,14
3984,19,16
3985,20,17
3986,15,14
3987,1,3
3988,8,17
3989,4,17
3990,6,2
3991,5,2
3992,7,2
3993,15,14
3994,10,17
3995,19,2
3996,4,17
3997,13,17
3998,22,16
3999,10,17
4000,22,17
4001,3,17
4002,6,16
4003,21,17
4004,0,17
4005,23,16
4006,24,3
4007,14,2
4008,6,14
4009,15,14
4010,15,16
4011,19,2
4012,18,17
4013,24,17
4014,10,16
4015,10,3
4016,5,2
4017,1,17
4018,1,17
4019,6,2
4020,20,17
4021,18,16
4022,21,16
4023,4,17
4024,1,17
4025,10,17
4026,3,16
4027,3,16
4028,6,16
4029,4,16
4030,10,16
4031,21,16
4032,5,2
4033,18,17
4034,7,14
4035,19,2
4036,5,2
4037,3,17
4038,21,16
4039,0,17
4040,6,2
4041,21,17
4042,13,17
4043,24,3
4044,1,17
4045,15,14
4046,6,16
4047,12,17
4048,20,17
4049,14,2
4050,24,17
4051,6,2
4052,2,2
4053,15,2
4054,8,16
4055,6,2
4056,11,2
4057,2,2
4058,15,16
4059,4,17
4060,0,17
4061,10,16
4062,2,2
4063,14,16
4064,7,2
4065,4,17
4066,1,17
4067,13,17
4068,8,16
4069,24,16
4070,0,17
4071,2,2
4072,7,2
4073,20,16
4074,12,17
4075,2,2
4076,1,17
4077,11,2
4078,6,2
4079,3,16
4080,4,17
4081,0,17
4082,1,3
4083,20,17
4084,13,17
4085,4,17
4086,7,16
4087,20,17
4088,12,17
4089,23,2
4090,12,17
4091,3,17
4092,3,16
4093,8,17
4094,23,2
4095,8,17
4096,13,17
4097,16,16
4098,20,17
4099,7,16
4100,21,17
4101,6,2
4102,19,2
4103,24,17
4104,13,17
4105,20,17
4106,15,17
4107,12,17
4108,12,17
4109,23,14
4110,1,17
4111,2,2
4112,19,2
4113,19,2
4114,13,17
4115,17,17
4116,8,17
4117,20,17
4118,3,16
4119,23,16
4120,6,2
4121,1,17
4122,10,17
4123,8,16
4124,14,16
4125,16,16
4126,0,17
4127,3,17
4128,7,2
4129,19,2
4130,22,17
4131,24,16
4132,2,2
4133,21,17
4134,4,17
4135,0,17
4136,18,17
4137,21,16
4138,1,17
4139,21,16
4140,0,17
4141,5,2
4142,2,2
4143,13,17
4144,23,16
4145,12,17
4146,10,17
4147,6,2
4148,8,3
4149,24,16
4150,21,17
4151,2,2
4152,22,17
4153,0,16
4154,17,16
4155,21,16
4156,4,17
4157,3,16
4158,10,3
4159,3,16
4160,19,2
4161,5,16
4162,6,2
4163,1,17
4164,8,17
4165,23,2
4166,21,3
4167,15,14
4168,1,17
4169,14,2
4170,8,17
4171,7,2
4172,8,3
4173,24,2
4174,17,17
4175,18,17
4176,1,17
4177,1,16
4178,3,17
4179,20,17
4180,8,17
4181,19,2
4182,4,17
4183,7,2
4184,17,17
4185,12,17
4186,7,2
4187,6,2
4188,5,2
4189,4,17
4190,7,2
4191,4,17
4192,18,17
4193,18,17
4194,15,14
4195,4,17
4196,7,2
4197,15,14
4198,2,2
4199,2,2
4200,13,17
4201,3,16
4202,5,2
4203,4,3
4204,14,2
4205,21,16
4206,0,17
4207,7,16
4208,23,2
4209,10,17
4210,1,17
4211,11,2
4212,11,14
4213,4,17
4214,13,17
4215,5,2
4216,4,17
4217,1,17
4218,4,17
4219,7,16
4220,7,14
4221,12,17
4222,21,16
4223,22,17
4224,24,2
4225,19,16
4226,13,17
4227,13,17
4228,14,2
4229,2,2
4230,3,16
4231,22,3
4232,13,17
4233,21,14
4234,20,17
4235,24,2
4236,8,3
4237,12,17
4238,12,17
4239,18,17
4240,21,17
4241,22,16
4242,1,17
4243,15,16
4244,15,14
4245,17,17
4246,8,3
4247,0,17
4248,4,17
4249,12,17
4250,0,17
4251,6,2
4252,4,16
4253,12,17
4254,1,17
4255,20,17
4256,22,16
4257,23,2
4258,17,17
4259,0,17
4260,7,2
4261,23,2
4262,8,17
4263,6,2
4264,10,17
4265,10,17
4266,0,16
4267,19,2
4268,2,2
4269,3,16
4270,6,16
4271,1,17
4272,3,16
4273,0,17
4274,8,16
4275,10,17
4276,0,3
4277,6,2
4278,12,17
4279,15,16
4280,2,2
4281,8,17
4282,3,17
4283,23,2
4284,12,16
4285,24,16
4286,17,17
4287,4,16
4288,4,17
4289,8,17
4290,19,2
4291,4,17
4292,20,17
4293,12,17
4294,5,16
4295,14,2
4296,21,16
4297,2,2
4298,10,16
4299,8,17
4300,7,2
4301,21,17
4302,24,2
4303,10,17
4304,6,14
4305,7,14
4306,12,17
4307,20,17
4308,19,2
4309,12,17
4310,3,17
4311,2,2
4312,4,17
4313,12,16
4314,21,14
4315,20,16
4316,15,16
4317,1,17
4318,12,16
4319,14,2
4320,2,2
4321,1,17
4322,24,17
4323,14,2
4324,19,14
4325,14,16
4326,10,17
4327,12,17
4328,14,16
4329,15,16
4330,16,16
4331,14,2
4332,12,17
4333,4,3
4334,18,17
4335,7,2
4336,15,16
4337,8,17
4338,5,2
4339,15,16
4340,0,16
4341,15,16
4342,8,17
4343,24,2
4344,4,3
4345,21,16
4346,2,2
4347,6,2
4348,20,17
4349,0,17
4350,5,14
4351,20,17
4352,8,16
4353,12,17
4354,8,16
4355,2,2
4356,21,16
4357,12,17
4358,24,14
4359,19,16
4360,10,17
4361,19,2
4362,18,17
4363,24,17
4364,7,2
4365,3,16
4366,24,17
4367,5,14
4368,2,2
4369,7,2
4370,10,17
4371,20,17
4372,12,17
4373,21,16
4374,19,2
4375,22,17
4376,6,2
4377,0,17
4378,2,2
4379,0,17
4380,23,2
4381,0,17
4382,12,17
4383,13,17
4384,21,3
4385,2,2
4386,1,17
4387,23,2
4388,7,2
4389,12,17
4390,19,16
4391,13,17
4392,16,16
4393,12,17
4394,4,17
4395,6,2
4396,15,16
4397,3,16
4398,7,16
4399,1,17
4400,7,2
4401,1,17
4402,13,3
4403,21,17
4404,18,17
4405,23,14
4406,3,17
4407,3,17
4408,16,16
4409,13,17
4410,0,17
4411,0,17
4412,12,16
4413,8,17
4414,19,2
4415,20,17
4416,16,16
4417,1,17
4418,10,17
4419,21,16
4420,5,2
4421,21,3
4422,24,3
4423,11,2
4424,8,17
4425,15,16
4426,7,2
4427,2,2
4428,7,14
4429,8,17
4430,12,17
4431,15,2
4432,14,2
4433,12,17
4434,7,2
4435,4,3
4436,4,17
4437,16,16
4438,20,3
4439,8,16
4440,24,17
4441,17,17
4442,20,16
4443,1,17
4444,12,3
4445,2,2
4446,10,16
4447,7,2
4448,23,14
4449,12,17
4450,12,16
4451,4,17
4452,3,17
4453,7,2
4454,22,17
4455,20,17
4456,15,16
4457,11,2
4458,1,17
4459,12,16
4460,11,2
4461,8,17
4462,12,17
4463,5,17
4464,11,14
4465,4,17
4466,1,17
4467,19,16
4468,19,16
4469,8,17
4470,21,16
4471,2,2
4472,19,2
4473,24,16
4474,1,17
4475,10,17
4476,1,17
4477,24,3
4478,7,2
4479,20,17
4480,7,14
4481,6,14
4482,12,17
4483,18,16
4484,7,2
4485,15,16
4486,12,17
4487,7,16
4488,13,17
4489,1,16
4490,10,16
4491,11,2
4492,21,3
4493,8,17
4494,22,17
4495,14,16
4496,13,17
4497,6,16
4498,7,14
4499,15,14
4500,7,2
4501,12,17
4502,6,16
4503,6,2
4504,18,3
4505,8,17
4506,11,2
4507,18,17
4508,4,17
4509,11,14
4510,4,17
4511,3,17
4512,12,17
4513,14,2
4514,6,2
4515,21,16
4516,2,2
4517,13,17
4518,8,16
4519,15,14
4520,23,16
4521,18,17
4522,12,17
4523,24,17
4524,5,14
4525,10,17
4526,4,17
4527,22,17
4528,3,3
4529,13,17
4530,18,17
4531,3,16
4532,23,16
4533,1,17
4534,14,16
4535,7,2
4536,23,14
4537,0,17
4538,3,17
4539,4,17
4540,13,17
4541,21,17
4542,18,16
4543,11,2
4544,17,17
4545,7,2
4546,3,17
4547,5,17
4548,3,16
4549,2,2
4550,24,14
4551,24,17
4552,23,14
4553,10,16
4554,7,2
4555,13,17
4556,4,17
4557,7,2
4558,13,17
4559,18,17
4560,17,17
4561,18,17
4562,6,2
4563,6,2
4564,17,17
4565,6,2
4566,3,16
4567,10,3
4568,15,16
4569,16,14
4570,12,17
4571,1,17
4572,4,17
4573,3,16
4574,1,17
4575,7,2
4576,24,17
4577,15,14
4578,24,14
4579,10,16
4580,6,2
4581,15,14
4582,12,17
4583,6,2
4584,10,17
4585,23,2
4586,6,2
4587,16,16
4588,8,17
4589,19,2
4590,14,14
4591,0,17
4592,2,2
4593,8,17
4594,17,3
4595,2,2
4596,18,17
4597,8,16
4598,6,2
4599,22,17
4600,6,2
4601,6,14
4602,10,17
4603,0,17
4604,20,16
4605,20,17
4606,18,17
4607,0,17
4608,0,17
4609,18,17
4610,7,14
4611,8,16
4612,18,17
4613,19,2
4614,4,17
4615,21,16
4616,21,17
4617,10,17
4618,18,16
4619,24,2
4620,16,16
4621,4,17
4622,16,14
4623,19,2
4624,6,2
4625,7,16
4626,21,16
4627,6,2
4628,7,16
4629,21,17
4630,10,17
4631,12,17
4632,8,16
4633,18,17
4634,21,16
4635,6,14
4636,8,17
4637,10,17
4638,17,17
4639,19,2
4640,0,16
4641,24,16
4642,4,17
4643,7,2
4644,19,2
4645,4,17
4646,0,17
4647,14,2
4648,12,17
4649,0,3
4650,24,17
4651,14,2
4652,20,17
4653,3,17
4654,6,2
4655,2,2
4656,2,2
4657,24,17
4658,10,16
4659,1,17
4660,2,2
4661,18,17
4662,5,14
4663,12,17
4664,15,14
4665,1,17
4666,5,14
4667,7,2
4668,12,16
4669,2,2
4670,13,17
4671,1,17
4672,19,2
4673,7,2
4674,13,17
4675,10,17
4676,2,2
4677,3,17
4678,13,17
4679,20,17
4680,23,16
4681,12,17
4682,5,16
4683,17,17
4684,24,17
4685,21,17
4686,6,14
4687,6,2
4688,6,2
4689,13,16
4690,8,17
4691,12,17
4692,14,2
4693,6,2
4694,0,17
4695,12,17
4696,17,17
4697,12,17
4698,16,14
4699,4,17
4700,18,17
4701,8,17
4702,19,2
4703,16,16
4704,5,2
4705,8,3
4706,19,2
4707,1,17
4708,15,16
4709,22,17
4710,0,3
4711,6,2
4712,14,2
4713,14,2
4714,5,2
4715,1,17
4716,2,2
4717,6,2
4718,21,17
4719,21,14
4720,4,17
4721,0,17
4722,14,14
4723,23,14
4724,4,17
4725,23,14
4726,4,17
4727,8,17
4728,6,2
4729,16,16
4730,16,14
4731,3,16
4732,23,14
4733,22,17
4734,16,14
4735,18,17
4736,24,17
4737,24,14
4738,22,17
4739,5,2
4740,10,17
4741,11,14
4742,8,17
4743,2,2
4744,2,2
4745,19,2
4746,21,16
4747,8,3
4748,1,16
4749,13,17
4750,7,2
4751,4,17
4752,18,17
4753,24,2
4754,13,17
4755,20,17
4756,15,16
4757,15,14
4758,14,2
4759,1,17
4760,8,16
4761,0,17
4762,12,17
4763,15,14
4764,19,16
4765,1,17
4766,2,2
4767,15,16
4768,22,17
4769,12,17
4770,14,2
4771,3,17
4772,15,2
4773,13,17
4774,15,16
4775,7,2
4776,13,17
4777,22,17
4778,21,16
4779,10,17
4780,0,17
4781,17,17
4782,15,2
4783,18,17
4784,4,17
4785,2,2
4786,21,16
4787,6,2
4788,21,16
4789,6,2
4790,18,3
4791,7,2
4792,6,2
4793,3,16
4794,1,17
4795,10,17
4796,5,17
4797,12,17
4798,4,17
4799,4,17
4800,13,17
4801,23,14
4802,21,17
4803,15,16
4804,4,17
4805,7,16
4806,0,17
4807,19,16
4808,17,17
4809,5,2
4810,12,17
4811,5,2
4812,2,2
4813,15,16
4814,4,17
4815,13,17
4816,21,14
4817,1,3
4818,2,2
4819,10,17
4820,23,2
4821,12,17
4822,15,14
4823,7,2
4824,19,2
4825,17,17
4826,3,16
4827,7,14
4828,17,17
4829,22,17
4830,11,14
4831,14,2
4832,17,17
4833,15,2
4834,11,2
4835,10,16
4836,12,17
4837,4,17
4838,1,17
4839,4,17
4840,15,14
4841,15,16
4842,6,2
4843,12,17
4844,3,16
4845,23,14
4846,10,3
4847,16,14
4848,3,16
4849,18,17
4850,4,17
4851,21,17
4852,1,17
4853,1,17
4854,13,17
4855,20,16
4856,1,17
4857,24,17
4858,23,14
4859,2,2
4860,7,2
4861,1,17
4862,10,17
4863,5,16
4864,18,17
4865,10,16
4866,0,17
4867,3,16
4868,20,17
4869,6,2
4870,2,2
4871,4,17
4872,18,17
4873,19,16
4874,1,17
4875,6,2
4876,19,2
4877,10,17
4878,18,17
4879,12,17
4880,10,16
4881,20,17
4882,11,2
4883,16,14
4884,7,2
4885,22,17
4886,20,17
4887,11,2
4888,13,17
4889,2,2
4890,6,2
4891,5,2
4892,18,17
4893,7,2
4894,6,2
4895,7,2
4896,18,3
4897,17,17
4898,3,16
4899,18,17
4900,10,17
4901,18,17
4902,4,17
4903,4,17
4904,21,16
4905,12,17
4906,1,17
4907,0,17
4908,23,14
4909,23,16
4910,10,17
4911,12,17
4912,23,14
4913,15,2
4914,15,14
4915,16,14
4916,13,16
4917,3,17
4918,18,17
4919,4,17
4920,15,16
4921,21,17
4922,1,17
4923,6,14
4924,23,14
4925,3,17
4926,8,17
4927,21,16
4928,13,17
4929,1,17
4930,14,2
4931,6,2
4932,18,17
4933,13,16
4934,21,17
4935,13,17
4936,11,14
4937,8,16
4938,3,16
4939,11,2
4940,12,16
4941,5,2
4942,4,17
4943,24,14
4944,20,17
4945,10,17
4946,4,17
4947,23,2
4948,17,16
4949,5,17
4950,16,16
4951,21,17
4952,1,17
4953,24,17
4954,7,2
4955,21,14
4956,7,2
4957,23,16
4958,12,17
4959,4,17
4960,21,17
4961,3,17
4962,14,2
4963,21,17
4964,5,2
4965,2,2
4966,7,2
4967,10,17
4968,3,3
4969,1,17
4970,3,17
4971,7,2
4972,6,16
4973,12,17
4974,24,17
4975,5,17
4976,14,2
4977,1,3
4978,24,14
4979,13,17
4980,10,17
4981,22,17
4982,8,17
4983,17,16
4984,15,14
4985,19,2
4986,10,17
4987,10,16
4988,16,16
4989,1,17
4990,19,2
4991,15,14
4992,12,17
4993,5,14
4994,16,14
4995,6,2
4996,2,2
4997,10,17
4998,5,3
4999,13,17
5000,24,16
5001,19,2
5002,2,2
5003,18,16
5004,2,2
5005,0,17
5006,18,17
5007,3,16
5008,23,2
5009,7,2
5010,1,17
5011,2,2
5012,0,17
5013,15,16
5014,12,17
5015,3,16
5016,16,16
5017,6,16
5018,0,17
5019,18,17
5020,7,2
5021,16,16
5022,11,2
5023,24,14
5024,10,17
5025,6,2
5026,7,2
5027,2,2
5028,7,2
5029,4,17
5030,15,16
5031,17,17
5032,18,17
5033,18,16
5034,1,17
5035,21,16
5036,23,2
5037,12,17
5038,6,2
5039,13,16
5040,4,17
5041,1,17
5042,5,14
5043,11,2
5044,14,2
5045,0,17
5046,12,17
5047,10,16
5048,5,14
5049,24,17
5050,14,14
5051,8,17
5052,4,17
5053,17,17
5054,8,17
5055,5,2
5056,2,2
5057,0,17
5058,6,2
5059,7,14
5060,18,17
5061,3,16
5062,0,17
5063,17,16
5064,2,2
5065,19,17
5066,6,2
5067,6,16
5068,20,17
5069,1,17
5070,19,2
5071,15,14
5072,10,17
5073,18,16
5074,0,17
5075,18,17
5076,22,17
5077,20,17
5078,15,14
5079,21,17
5080,12,17
5081,0,17
5082,0,17
5083,2,2
5084,11,2
5085,14,16
5086,18,17
5087,14,16
5088,13,16
5089,16,16
5090,7,14
5091,14,2
5092,16,16
5093,7,14
5094,7,2
5095,14,2
5096,2,2
5097,14,16
5098,5,14
5099,3,17
5100,8,17
5101,8,17
5102,15,14
5103,13,3
5104,3,16
5105,20,17
5106,8,16
5107,12,17
5108,18,17
5109,10,17
5110,14,2
5111,21,17
5112,4,16
5113,20,17
5114,1,17
5115,22,17
5116,3,16
5117,8,17
5118,24,17
5119,6,2
5120,17,17
5121,1,17
5122,15,16
5123,20,17
5124,4,17
5125,23,14
5126,7,2
5127,2,2
5128,13,17
5129,7,2
5130,13,16
5131,2,2
5132,12,16
5133,7,2
5134,8,17
5135,11,2
5136,18,17
5137,16,16
5138,3,17
5139,10,17
5140,12,17
5141,1,17
5142,2,2
5143,4,17
5144,1,17
5145,1,17
5146,1,17
5147,24,17
5148,15,16
5149,14,2
5150,13,17
5151,2,2
5152,7,2
5153,23,2
5154,24,14
5155,23,16
5156,3,17
5157,15,16
5158,18,17
5159,7,2
5160,1,17
5161,10,17
5162,18,17
5163,1,17
5164,1,17
5165,22,17
5166,18,17
5167,6,2
5168,23,2
5169,4,17
5170,17,17
5171,2,2
5172,17,17
5173,10,17
5174,12,17
5175,20,17
5176,19,2
5177,21,16
5178,1,17
5179,15,16
5180,1,17
5181,18,17
5182,18,17
5183,5,2
5184,16,14
5185,22,17
5186,8,16
5187,24,16
5188,6,2
5189,8,17
5190,18,17
5191,10,17
5192,16,16
5193,10,16
5194,14,2
5195,22,17
5196,14,2
5197,8,17
5198,4,17
5199,13,17
5200,13,17
5201,7,2
5202,7,2
5203,22,17
5204,23,2
5205,1,17
5206,10,16
5207,15,16
5208,20,17
5209,6,14
5210,5,2
5211,3,17
5212,21,17
5213,20,17
5214,19,2
5215,11,2
5216,3,17
5217,16,3
5218,11,2
5219,0,17
5220,8,17
5221,4,17
5222,7,2
5223,11,2
5224,20,16
5225,24,16
5226,7,14
5227,8,16
5228,6,2
5229,14,2
5230,23,14
5231,4,17
5232,4,17
5233,23,2
5234,20,16
5235,11,2
5236,21,17
5237,19,2
5238,15,16
5239,13,17
5240,13,17
5241,23,2
5242,21,16
5243,4,17
5244,7,2
5245,24,17
5246,15,16
5247,15,16
5248,4,17
5249,23,16
5250,0,16
5251,4,17
5252,16,16
5253,8,17
5254,0,17
5255,20,17
5256,2,2
5257,2,2
5258,7,14
5259,23,16
5260,10,17
5261,6,2
5262,12,17
5263,3,16
5264,16,16
5265,17,17
5266,1,17
5267,1,17
5268,1,16
5269,4,17
5270,17,3
5271,5,17
5272,17,16
5273,4,17
5274,4,3
5275,0,17
5276,21,16
5277,11,2
5278,22,17
5279,5,2
5280,0,17
5281,8,17
5282,2,2
5283,23,14
5284,0,17
5285,18,17
5286,0,17
5287,17,17
5288,0,17
5289,6,2
5290,2,2
5291,19,2
5292,20,17
5293,1,17
5294,20,17
5295,8,17
5296,2,2
5297,3,17
5298,1,17
5299,5,2
5300,6,2
5301,1,17
5302,4,17
5303,4,17
5304,22,17
5305,10,3
5306,4,17
5307,3,16
5308,7,14
5309,11,2
5310,2,2
5311,6,2
5312,1,17
5313,19,2
5314,5,2
5315,5,16
5316,13,17
5317,12,17
5318,8,16
5319,13,17
5320,8,3
5321,23,2
5322,19,2
5323,7,2
5324,14,2
5325,23,16
5326,21,16
5327,4,17
5328,2,2
5329,1,17
5330,13,17
5331,22,17
5332,4,17
5333,1,17
5334,6,14
5335,8,16
5336,7,14
5337,7,2
5338,23,2
5339,7,2
5340,18,17
5341,1,17
5342,15,14
5343,13,17
5344,4,3
5345,14,14
5346,8,17
5347,21,16
5348,11,2
5349,5,2
5350,14,2
5351,7,14
5352,4,17
5353,12,16
5354,2,2
5355,24,16
5356,10,17
5357,15,14
5358,7,2
5359,21,16
5360,0,17
5361,4,17
5362,16,14
5363,15,16
5364,2,2
5365,24,14
5366,22,17
5367,10,17
5368,23,14
5369,2,2
5370,24,17
5371,23,2
5372,20,17
5373,7,14
5374,18,17
5375,21,16
5376,1,17
5377,0,17
5378,4,17
5379,7,2
5380,6,2
5381,19,2
5382,19,2
5383,10,17
5384,11,14
5385,10,17
5386,18,16
5387,6,2
5388,11,2
5389,24,16
5390,24,16
5391,15,14
5392,13,17
5393,19,2
5394,15,2
5395,18,17
5396,1,3
5397,8,17
5398,10,16
5399,18,17
5400,1,17
5401,23,14
5402,4,17
5403,0,17
5404,14,2
5405,23,2
5406,1,17
5407,15,16
5408,1,17
5409,1,17
5410,13,17
5411,14,2
5412,21,3
5413,16,14
5414,3,3
5415,13,17
5416,23,14
5417,16,16
5418,22,17
5419,7,14
5420,16,2
5421,4,17
5422,10,17
5423,4,17
5424,5,2
5425,7,2
5426,12,17
5427,24,2
5428,7,2
5429,5,2
5430,12,17
5431,10,16
5432,10,16
5433,0,17
5434,23,2
5435,5,2
5436,1,17
5437,10,17
5438,22,17
5439,7,16
5440,10,17
5441,1,17
5442,15,16
5443,23,14
5444,11,2
5445,12,17
5446,21,16
5447,22,17
5448,7,2
5449,4,17
5450,21,17
5451,19,2
5452,13,16
5453,10,16
5454,22,17
5455,6,2
5456,11,2
5457,22,17
5458,1,17
5459,11,2
5460,1,17
5461,21,16
5462,12,17
5463,10,17
5464,7,14
5465,4,17
5466,16,14
5467,12,17
5468,7,2
5469,21,16
5470,14,2
5471,24,17
5472,19,2
5473,4,17
5474,23,14
5475,20,17
5476,12,17
5477,13,17
5478,16,16
5479,16,16
5480,6,2
5481,20,17
5482,19,16
5483,10,17
5484,24,3
5485,1,17
5486,23,16
5487,10,16
5488,21,16
5489,14,2
5490,6,2
5491,12,17
5492,1,16
5493,2,2
5494,1,17
5495,6,2
5496,17,17
5497,5,16
5498,20,17
5499,7,2
5500,7,16
5501,14,14
5502,7,2
5503,2,2
5504,4,17
5505,12,16
5506,19,2
5507,23,14
5508,23,2
5509,13,17
5510,7,14
5511,13,16
5512,12,16
5513,16,16
5514,20,17
5515,8,17
5516,7,14
5517,5,2
5518,7,2
5519,12,17
5520,3,16
5521,3,16
5522,23,14
5523,8,17
5524,23,14
5525,20,17
5526,6,2
5527,22,17
5528,15,16
5529,17,17
5530,10,16
5531,22,17
5532,19,2
5533,10,16
5534,18,16
5535,13,16
5536,14,2
5537,10,17
5538,23,2
5539,7,16
5540,24,17
5541,0,17
5542,23,16
5543,7,2
5544,5,17
5545,24,17
5546,14,2
5547,4,17
5548,18,3
5549,21,17
5550,2,2
5551,14,2
5552,20,17
5553,13,17
5554,8,16
5555,20,17
5556,24,16
5557,3,17
5558,5,2
5559,24,16
5560,4,17
5561,10,16
5562,19,2
5563,1,17
5564,13,3
5565,6,2
5566,23,16
5567,19,2
5568,7,2
5569,3,16
5570,4,17
5571,17,3
5572,1,17
5573,7,2
5574,11,2
5575,4,17
5576,4,17
5577,3,17
5578,3,17
5579,20,16
5580,6,2
5581,24,3
5582,15,14
5583,3,17
5584,5,2
5585,2,2
5586,21,17
5587,0,17
5588,18,16
5589,16,14
5590,14,16
5591,7,2
5592,17,16
5593,19,2
5594,6,2
5595,12,17
5596,0,17
5597,12,17
5598,1,17
5599,0,3
5600,3,17
5601,17,17
5602,21,17
5603,7,14
5604,19,2
5605,5,17
5606,0,17
5607,8,17
5608,2,2
5609,18,17
5610,23,16
5611,14,2
5612,1,16
5613,19,2
5614,5,2
5615,24,17
5616,7,14
5617,4,17
5618,2,2
5619,6,14
5620,16,16
5621,5,2
5622,15,14
5623,12,17
5624,10,16
5625,14,2
5626,0,3
5627,6,16
5628,12,16
5629,4,17
5630,21,16
5631,18,16
5632,15,14
5633,17,17
5634,15,2
5635,14,2
5636,12,16
5637,19,2
5638,1,17
5639,18,17
5640,13,16
5641,4,17
5642,7,2
5643,11,2
5644,21,16
5645,4,17
5646,12,17
5647,24,17
5648,20,3
5649,15,16
5650,19,2
5651,0,17
5652,24,16
5653,12,17
5654,12,17
5655,3,17
5656,15,16
5657,12,17
5658,24,14
5659,8,17
5660,1,17
5661,24,16
5662,23,2
5663,20,17
5664,1,17
5665,10,17
5666,1,17
5667,4,17
5668,8,17
5669,23,16
5670,10,17
5671,22,17
5672,24,2
5673,0,17
5674,12,17
5675,11,2
5676,12,17
5677,18,3
5678,1,17
5679,19,2
5680,3,17
5681,14,16
5682,23,2
5683,12,17
5684,2,2
5685,12,17
5686,23,2
5687,1,17
5688,4,17
5689,7,16
5690,23,2
5691,3,16
5692,3,16
5693,10,17
5694,22,17
5695,1,17
5696,11,2
5697,4,3
5698,11,2
5699,1,17
5700,7,2
5701,21,17
5702,6,2
5703,12,17
5704,4,17
5705,15,16
5706,19,2
5707,13,17
5708,22,17
5709,13,16
5710,16,16
5711,13,17
5712,1,17
5713,18,16
5714,17,17
5715,0,17
5716,2,2
5717,10,17
5718,1,17
5719,15,14
5720,4,17
5721,15,16
5722,1,17
5723,5,17
5724,4,3
5725,21,16
5726,12,17
5727,4,17
5728,21,16
5729,7,16
5730,22,17
5731,4,17
5732,12,17
5733,0,17
5734,24,3
5735,21,16
5736,0,17
5737,10,17
5738,12,3
5739,16,16
5740,22,17
5741,18,17
5742,8,16
5743,13,16
5744,1,17
5745,4,17
5746,7,2
5747,21,17
5748,16,16
5749,0,17
5750,18,17
5751,1,17
5752,4,17
5753,12,17
5754,2,2
5755,12,17
5756,19,16
5757,24,17
5758,24,16
5759,18,17
5760,12,17
5761,8,17
5762,5,2
5763,10,17
5764,17,17
5765,12,16
5766,8,17
5767,23,16
5768,24,16
5769,19,2
5770,13,17
5771,10,16
5772,6,16
5773,5,2
5774,20,17
5775,0,17
5776,1,17
5777,12,17
5778,12,17
5779,24,2
5780,2,2
5781,7,2
5782,21,16
5783,15,14
5784,7,14
5785,13,17
5786,12,17
5787,24,2
5788,7,14
5789,24,14
5790,10,17
5791,21,17
5792,23,2
5793,16,16
5794,0,17
5795,10,16
5796,2,2
5797,2,2
5798,7,14
5799,13,3
5800,21,17
5801,18,17
5802,15,16
5803,3,16
5804,18,17
5805,3,17
5806,4,17
5807,18,17
5808,15,16
5809,2,2
5810,10,17
5811,23,14
5812,4,17
5813,12,17
5814,22,17
5815,6,2
5816,21,17
5817,16,16
5818,12,16
5819,23,14
5820,1,17
5821,8,17
5822,15,16
5823,20,16
5824,22,16
5825,22,17
5826,22,17
5827,10,16
5828,18,17
5829,12,17
5830,20,17
5831,0,17
5832,0,17
5833,5,14
5834,2,2
5835,18,16
5836,10,17
5837,7,2
5838,1,17
5839,0,17
5840,0,17
5841,14,16
5842,13,17
5843,18,17
5844,23,2
5845,18,17
5846,20,17
5847,24,14
5848,20,17
5849,20,17
5850,12,17
5851,5,14
5852,18,17
5853,1,17
5854,20,17
5855,0,16
5856,6,14
5857,22,17
5858,17,17
5859,22,17
5860,1,17
5861,14,2
5862,19,16
5863,5,14
5864,23,14
5865,0,17
5866,13,17
5867,21,16
5868,18,16
5869,24,17
5870,5,2
5871,21,16
5872,7,14
5873,7,2
5874,4,17
5875,13,17
5876,4,17
5877,4,17
5878,20,17
5879,1,17
5880,7,14
5881,1,17
5882,24,16
5883,19,2
5884,2,2
5885,4,17
5886,21,16
5887,2,2
5888,22,16
5889,1,17
5890,8,17
5891,24,17
5892,17,17
5893,12,17
5894,1,17
5895,13,17
5896,18,16
5897,0,17
5898,2,2
5899,1,17
5900,0,17
5901,21,14
5902,20,17
5903,12,16
5904,24,2
5905,6,14
5906,2,2
5907,2,2
5908,11,2
5909,19,2
5910,4,17
5911,4,17
5912,2,2
5913,1,17
5914,20,16
5915,23,14
5916,10,17
5917,24,16
5918,19,2
5919,0,16
5920,5,16
5921,0,17
5922,12,17
5923,21,16
5924,1,17
5925,20,17
5926,6,2
5927,5,14
5928,15,16
5929,4,16
5930,13,16
5931,16,16
5932,5,2
5933,12,17
5934,7,2
5935,13,16
5936,21,16
5937,11,2
5938,20,17
5939,5,17
5940,19,16
5941,0,16
5942,6,2
5943,0,17
5944,20,17
5945,19,2
5946,24,14
5947,15,14
5948,4,17
5949,12,17
5950,19,2
5951,11,2
5952,18,17
5953,1,17
5954,13,17
5955,12,17
5956,13,3
5957,24,17
5958,0,17
5959,13,17
5960,0,17
5961,15,16
5962,4,3
5963,1,17
5964,10,17
5965,6,2
5966,23,2
5967,3,17
5968,1,17
5969,4,17
5970,18,17
5971,0,17
5972,11,2
5973,23,14
5974,15,14
5975,1,3
5976,11,2
5977,12,17
5978,13,17
5979,10,17
5980,22,17
5981,17,17
5982,18,17
5983,4,17
5984,5,14
5985,20,17
5986,14,2
5987,0,17
5988,5,14
5989,7,2
5990,7,2
5991,12,17
5992,4,17
5993,11,2
5994,7,2
5995,18,3
5996,1,17
5997,13,17
5998,12,17
5999,1,16
6000,5,2
6001,10,17
6002,14,2
6003,18,17
6004,4,17
6005,15,16
6006,24,17
6007,5,17
6008,23,14
6009,5,2
6010,4,17
6011,24,17
6012,19,2
6013,11,2
6014,24,14
6015,13,16
6016,4,17
6017,4,17
6018,7,2
6019,16,16
6020,16,16
6021,11,2
6022,1,17
6023,5,2
6024,20,17
6025,23,2
6026,6,2
6027,1,17
6028,7,2
6029,12,17
6030,6,2
6031,11,2
6032,6,2
6033,12,17
6034,1,17
6035,6,14
6036,20,17
6037,0,17
6038,4,16
6039,0,17
6040,8,17
6041,21,16
6042,7,2
6043,7,2
6044,4,17
6045,12,17
6046,3,16
6047,24,16
6048,4,17
6049,15,16
6050,0,17
6051,16,16
6052,22,17
6053,4,17
6054,11,2
6055,21,17
6056,13,17
6057,5,14
6058,0,17
6059,6,2
6060,12,17
6061,14,2
6062,10,17
6063,6,2
6064,6,2
6065,24,14
6066,21,16
6067,12,17
6068,5,14
6069,15,14
6070,12,17
6071,12,16
6072,13,17
6073,17,17
6074,5,2
6075,17,17
6076,5,2
6077,6,16
6078,12,17
6079,15,2
6080,20,17
6081,3,17
6082,13,16
6083,12,17
6084,1,17
6085,15,16
6086,14,2
6087,22,17
6088,15,14
6089,7,2
6090,20,17
6091,1,16
6092,4,17
6093,1,17
6094,7,14
6095,4,17
6096,4,17
6097,4,17
6098,11,2
6099,24,3
6100,4,17
6101,11,2
6102,17,17
6103,0,17
6104,10,17
6105,22,3
6106,23,14
6107,13,17
6108,7,14
6109,12,17
6110,5,3
6111,1,17
6112,15,14
6113,4,17
6114,24,16
6115,12,16
6116,15,14
6117,0,16
6118,8,17
6119,6,2
6120,10,17
6121,6,2
6122,5,2
6123,6,14
6124,0,16
6125,6,16
6126,24,17
6127,4,17
6128,16,16
6129,24,16
6130,0,17
6131,24,16
6132,24,14
6133,13,17
6134,24,3
6135,4,17
6136,4,17
6137,8,17
6138,10,16
6139,0,17
6140,0,17
6141,15,16
6142,12,17
6143,10,17
6144,19,2
6145,18,17
6146,2,2
6147,18,17
6148,20,16
6149,7,14
6150,20,17
6151,2,2
6152,0,17
6153,2,2
6154,20,17
6155,5,2
6156,4,16
6157,14,2
6158,21,16
6159,22,17
6160,20,17
6161,2,2
6162,11,14
6163,21,3
6164,8,16
6165,12,17
6166,4,17
6167,11,2
6168,19,2
6169,13,17
6170,12,17
6171,15,16
6172,2,2
6173,16,16
6174,4,17
6175,3,17
6176,14,14
6177,15,16
6178,5,14
6179,7,2
6180,14,2
6181,24,17
6182,8,17
6183,5,2
6184,8,17
6185,2,2
6186,7,14
6187,10,16
6188,12,16
6189,17,17
6190,8,17
6191,20,17
6192,4,17
6193,6,2
6194,0,17
6195,13,17
6196,13,17
6197,15,2
6198,19,2
6199,15,16
6200,12,17
6201,24,16
6202,16,16
6203,8,17
6204,1,17
6205,2,2
6206,17,16
6207,5,2
6208,24,16
6209,19,2
6210,0,3
6211,18,3
6212,5,16
6213,18,3
6214,7,2
6215,10,16
6216,24,17
6217,8,3
6218,16,16
6219,13,17
6220,4,17
6221,20,17
6222,4,16
6223,3,17
6224,7,2
6225,4,17
6226,18,16
6227,1,17
6228,3,17
6229,14,2
6230,10,17
6231,12,16
6232,6,2
6233,0,17
6234,14,14
6235,12,17
6236,14,2
6237,15,2
6238,7,14
6239,10,17
6240,14,2
6241,2,2
6242,11,2
6243,14,2
6244,22,17
6245,6,2
6246,24,17
6247,19,2
6248,18,17
6249,10,16
6250,0,17
6251,20,17
6252,8,16
6253,22,17
6254,3,3
6255,20,16
6256,18,17
6257,2,2
6258,3,17
6259,16,16
6260,21,16
6261,15,16
6262,5,17
6263,7,2
6264,18,17
6265,15,16
6266,7,2
6267,7,2
6268,3,17
6269,4,17
6270,24,14
6271,24,16
6272,19,16
6273,7,2
6274,24,14
6275,5,2
6276,11,2
6277,21,17
6278,1,17
6279,15,16
6280,11,2
6281,24,14
6282,10,16
6283,10,17
6284,5,16
6285,13,17
6286,6,2
6287,15,14
6288,0,17
6289,22,17
6290,15,14
6291,11,2
6292,7,2
6293,15,14
6294,8,17
6295,12,16
6296,24,17
6297,4,17
6298,15,14
6299,22,17
6300,0,17
6301,11,2
6302,17,16
6303,4,17
6304,14,2
6305,14,2
6306,11,2
6307,12,17
6308,19,2
6309,14,14
6310,7,2
6311,15,16
6312,22,17
6313,20,17
6314,7,2
6315,3,17
6316,23,2
6317,7,14
6318,0,17
6319,8,17
6320,4,3
6321,0,17
6322,20,17
6323,15,16
6324,4,17
6325,20,17
6326,12,17
6327,19,2
6328,5,17
6329,19,2
6330,22,17
6331,10,17
6332,6,2
6333,6,2
6334,22,3
6335,4,17
6336,19,2
6337,0,17
6338,19,2
6339,11,2
6340,11,2
6341,3,17
6342,22,17
6343,15,14
6344,8,17
6345,0,17
6346,8,16
6347,13,17
6348,5,14
6349,6,14
6350,24,17
6351,1,17
6352,13,17
6353,21,16
6354,20,3
6355,24,14
6356,13,17
6357,4,17
6358,4,17
6359,7,2
6360,23,2
6361,1,17
6362,18,17
6363,3,17
6364,7,2
6365,15,14
6366,0,17
6367,23,2
6368,3,17
6369,5,14
6370,15,16
6371,13,17
6372,21,3
6373,8,16
6374,8,16
6375,19,2
6376,17,17
6377,4,17
6378,4,17
6379,7,14
6380,4,17
6381,7,14
6382,2,2
6383,1,17
6384,10,17
6385,23,2
6386,6,2
6387,2,2
6388,4,17
6389,0,17
6390,4,17
6391,7,14
6392,20,17
6393,4,17
6394,10,3
6395,0,17
6396,2,2
6397,5,16
6398,12,17
6399,8,17
6400,1,17
6401,14,2
6402,14,2
6403,7,2
6404,17,17
6405,4,3
6406,15,14
6407,24,17
6408,0,17
6409,1,17
6410,14,2
6411,23,16
6412,23,16
6413,20,17
6414,21,17
6415,1,17
6416,14,16
6417,11,2
6418,13,17
6419,2,2
6420,24,17
6421,4,17
6422,8,17
6423,10,16
6424,0,17
6425,19,2
6426,11,14
6427,4,17
6428,14,14
6429,6,2
6430,20,17
6431,22,17
6432,2,2
6433,4,17
6434,21,16
6435,19,2
6436,6,2
6437,16,14
6438,16,16
6439,20,16
6440,8,17
6441,19,2
6442,13,16
6443,1,17
6444,23,16
6445,19,3
6446,1,17
6447,22,17
6448,4,17
6449,7,2
6450,20,17
6451,24,16
6452,4,17
6453,4,17
6454,23,14
6455,13,17
6456,2,2
6457,7,2
6458,1,17
6459,15,16
6460,14,2
6461,7,14
6462,22,16
6463,13,16
6464,15,14
6465,1,17
6466,7,2
6467,1,17
6468,24,17
6469,13,17
6470,24,16
6471,11,2
6472,6,2
6473,4,3
6474,11,14
6475,20,17
6476,3,17
6477,15,14
6478,15,14
6479,1,17
6480,22,16
6481,1,17
6482,23,16
6483,11,2
6484,20,17
6485,2,2
6486,5,2
6487,20,17
6488,7,2
6489,6,2
6490,21,16
6491,1,17
6492,3,17
6493,20,17
6494,24,17
6495,10,17
6496,2,2
6497,7,2
6498,23,2
6499,15,2
6500,3,16
6501,4,17
6502,3,17
6503,19,2
6504,17,17
6505,15,16
6506,8,3
6507,8,17
6508,21,16
6509,12,17
6510,0,17
6511,16,14
6512,13,17
6513,6,14
6514,12,17
6515,8,17
6516,1,17
6517,6,16
6518,11,2
6519,16,14
6520,23,16
6521,4,17
6522,7,2
6523,15,16
6524,12,17
6525,10,16
6526,5,2
6527,12,17
6528,11,2
6529,5,14
6530,14,2
6531,7,2
6532,21,17
6533,3,16
6534,5,16
6535,10,16
6536,20,17
6537,18,17
6538,1,17
6539,2,2
6540,0,17
6541,18,3
6542,8,16
6543,21,16
6544,20,17
6545,18,3
6546,8,17
6547,23,16
6548,7,14
6549,22,16
6550,7,14
6551,22,17
6552,23,2
6553,16,16
6554,11,2
6555,0,17
6556,17,3
6557,10,17
6558,5,16
6559,7,16
6560,1,3
6561,1,17
6562,11,2
6563,6,2
6564,4,17
6565,21,16
6566,20,17
6567,6,2
6568,13,17
6569,3,17
6570,16,14
6571,1,17
6572,21,17
6573,13,16
6574,11,2
6575,12,17
6576,6,2
6577,23,2
6578,0,16
6579,3,17
6580,21,16
6581,12,17
6582,13,17
6583,10,17
6584,13,17
6585,7,2
6586,2,2
6587,20,17
6588,22,17
6589,18,17
6590,15,14
6591,11,2
6592,16,14
6593,24,17
6594,13,3
6595,14,2
6596,23,14
6597,23,16
6598,4,17
6599,10,17
6600,19,2
6601,7,2
6602,23,14
6603,2,2
6604,13,17
6605,12,16
6606,0,17
6607,1,17
6608,6,2
6609,6,16
6610,12,17
6611,3,17
6612,1,17
6613,5,2
6614,0,17
6615,14,2
6616,13,16
6617,20,17
6618,10,16
6619,2,2
6620,18,17
6621,15,16
6622,5,2
6623,1,17
6624,11,2
6625,1,17
6626,3,16
6627,4,17
6628,10,16
6629,11,2
6630,18,17
6631,7,2
6632,6,2
6633,2,2
6634,6,2
6635,0,17
6636,8,17
6637,24,17
6638,15,16
6639,0,17
6640,6,16
6641,23,14
6642,1,17
6643,0,17
6644,14,2
6645,14,2
6646,15,14
6647,1,17
6648,6,2
6649,20,17
6650,15,16
6651,24,14
6652,6,2
6653,3,16
6654,22,17
6655,4,17
6656,3,16
6657,21,17
6658,21,16
6659,14,14
6660,4,17
6661,14,2
6662,3,16
6663,15,16
6664,15,16
6665,1,17
6666,4,17
6667,24,16
6668,2,2
6669,20,17
6670,16,14
6671,7,14
6672,13,17
6673,22,17
6674,5,17
6675,15,16
6676,22,17
6677,23,14
6678,18,17
6679,8,17
6680,7,2
6681,24,17
6682,7,2
6683,19,16
6684,1,17
6685,12,3
6686,20,17
6687,13,17
6688,8,16
6689,18,17
6690,8,17
6691,7,2
6692,17,17
6693,2,2
6694,2,2
6695,12,17
6696,13,16
6697,22,16
6698,6,14
6699,21,17
6700,21,16
6701,2,2
6702,4,17
6703,24,2
6704,7,2
6705,2,2
6706,7,2
6707,1,17
6708,12,17
6709,20,16
6710,15,14
6711,1,3
6712,6,2
6713,2,2
6714,24,17
6715,18,17
6716,23,16
6717,21,16
6718,6,2
6719,23,16
6720,0,16
6721,0,3
6722,16,14
6723,14,2
6724,0,17
6725,19,2
6726,23,16
6727,2,2
6728,12,17
6729,11,2
6730,6,2
6731,3,16
6732,6,2
6733,4,17
6734,10,3
6735,4,17
6736,15,14
6737,6,16
6738,7,2
6739,18,17
6740,11,14
6741,13,17
6742,20,3
6743,5,14
6744,13,16
6745,22,17
6746,4,17
6747,2,2
6748,23,2
6749,13,17
6750,14,16
6751,10,16
6752,7,2
6753,0,17
6754,14,2
6755,8,17
6756,2,2
6757,6,2
6758,16,16
6759,22,17
6760,20,17
6761,12,17
6762,10,17
6763,19,2
6764,23,2
6765,7,2
6766,1,17
6767,21,17
6768,12,17
6769,12,16
6770,21,17
6771,2,2
6772,6,14
6773,21,16
6774,0,16
6775,18,16
6776,13,16
6777,5,17
6778,1,17
6779,12,17
6780,1,17
6781,18,17
6782,10,17
6783,24,16
6784,0,17
6785,4,17
6786,13,17
6787,10,17
6788,21,17
6789,24,16
6790,15,16
6791,21,16
6792,21,16
6793,22,3
6794,20,17
6795,8,17
6796,8,17
6797,10,17
6798,14,16
6799,8,16
6800,20,17
6801,15,16
6802,4,17
6803,6,14
6804,19,2
6805,24,17
6806,22,17
6807,12,17
6808,12,17
6809,21,3
6810,14,16
6811,11,2
6812,6,2
6813,22,17
6814,11,2
6815,15,14
6816,5,2
6817,2,2
6818,24,16
6819,6,2
6820,5,2
6821,4,17
6822,21,16
6823,2,2
6824,21,17
6825,8,17
6826,0,16
6827,7,2
6828,4,17
6829,18,16
6830,23,14
6831,1,17
6832,10,17
6833,18,17
6834,3,17
6835,5,2
6836,6,2
6837,1,3
6838,13,17
6839,20,17
6840,13,17
6841,18,3
6842,0,16
6843,6,2
6844,2,2
6845,2,2
6846,24,16
6847,0,17
6848,8,16
6849,4,17
6850,18,3
6851,7,14
6852,19,2
6853,6,2
6854,24,16
6855,23,14
6856,21,17
6857,21,16
6858,5,2
6859,19,2
6860,1,17
6861,2,2
6862,0,17
6863,10,3
6864,0,17
6865,18,16
6866,8,17
6867,15,14
6868,7,2
6869,1,17
6870,2,2
6871,4,17
6872,21,16
6873,15,16
6874,16,16
6875,22,17
6876,8,16
6877,0,17
6878,23,2
6879,16,14
6880,15,14
6881,22,17
6882,2,2
6883,14,2
6884,6,2
6885,11,2
6886,7,14
6887,3,16
6888,24,3
6889,6,2
6890,12,17
6891,15,3
6892,11,2
6893,21,3
6894,23,14
6895,10,16
6896,4,17
6897,16,16
6898,3,17
6899,2,2
6900,4,17
6901,0,17
6902,20,16
6903,11,2
6904,6,2
6905,14,2
6906,1,17
6907,5,2
6908,12,17
6909,17,16
6910,14,2
6911,6,2
6912,0,17
6913,22,17
6914,20,17
6915,2,2
6916,2,2
6917,22,16
6918,4,17
6919,13,17
6920,0,17
6921,13,16
6922,11,2
6923,15,16
6924,12,17
6925,0,17
6926,0,17
6927,4,17
6928,13,17
6929,16,16
6930,6,2
6931,20,17
6932,5,16
6933,7,2
6934,3,16
6935,18,17
6936,18,17
6937,12,16
6938,24,17
6939,21,17
6940,4,17
6941,24,17
6942,0,17
6943,13,17
6944,12,17
6945,18,17
6946,14,14
6947,8,17
6948,23,16
6949,4,17
6950,10,16
6951,13,16
6952,21,17
6953,16,16
6954,7,14
6955,24,2
6956,14,16
6957,24,17
6958,15,14
6959,2,2
6960,11,2
6961,20,17
6962,8,16
6963,22,17
6964,8,3
6965,0,17
6966,16,14
6967,8,17
6968,1,16
6969,8,17
6970,1,17
6971,3,17
6972,10,17
6973,22,17
6974,14,2
6975,15,14
6976,1,17
6977,1,3
6978,21,16
6979,0,17
6980,20,17
6981,16,16
6982,5,16
6983,14,14
6984,6,2
6985,15,14
6986,0,17
6987,20,16
6988,13,17
6989,15,14
6990,10,3
6991,24,17
6992,7,14
6993,5,16
6994,15,16
6995,4,17
6996,24,16
6997,11,2
6998,4,17
6999,2,2
7000,21,16
7001,5,16
7002,12,17
7003,6,2
7004,23,16
7005,24,16
7006,3,17
7007,21,17
7008,7,14
7009,10,17
7010,15,14
7011,3,16
7012,6,2
7013,1,17
7014,0,17
7015,12,17
7016,0,17
7017,10,17
7018,2,2
7019,7,2
7020,13,17
7021,15,14
7022,4,17
7023,17,17
7024,8,17
7025,3,17
7026,23,16
7027,6,2
7028,14,14
7029,20,17
7030,13,17
7031,19,2
7032,21,3
7033,3,16
7034,24,3
7035,4,17
7036,11,2
7037,11,2
7038,7,2
7039,20,17
7040,4,17
7041,15,16
7042,15,14
7043,21,3
7044,4,17
7045,13,17
7046,2,2
7047,7,2
7048,10,17
7049,4,17
7050,19,2
7051,15,16
7052,7,14
7053,24,16
7054,18,16
7055,15,14
7056,19,2
7057,15,14
7058,18,17
7059,14,14
7060,12,17
7061,12,16
7062,21,16
7063,15,16
7064,10,17
7065,2,2
7066,24,16
7067,15,16
7068,11,2
7069,3,16
7070,6,16
7071,11,2
7072,4,17
7073,7,2
7074,3,17
7075,24,17
7076,0,17
7077,1,17
7078,4,17
7079,11,2
7080,2,2
7081,0,17
7082,0,16
7083,10,3
7084,21,17
7085,4,17
7086,3,16
7087,8,17
7088,12,17
7089,1,16
7090,6,2
7091,8,17
7092,3,16
7093,16,16
7094,7,16
7095,6,2
7096,2,2
7097,6,16
7098,15,16
7099,3,16
7100,15,16
7101,16,16
7102,2,2
7103,0,17
7104,20,17
7105,6,16
7106,4,17
7107,24,17
7108,6,14
7109,21,16
7110,4,17
7111,24,14
7112,8,17
7113,24,16
7114,5,14
7115,1,17
7116,13,16
7117,7,2
7118,15,16
7119,17,17
7120,15,14
7121,13,17
7122,7,14
7123,13,17
7124,10,17
7125,23,14
7126,8,17
7127,10,17
7128,3,17
7129,21,16
7130,7,2
7131,0,17
7132,4,16
7133,0,17
7134,0,17
7135,24,3
7136,11,2
7137,6,2
7138,10,3
7139,6,14
7140,5,16
7141,21,16
7142,0,17
7143,14,16
7144,12,17
7145,4,17
7146,18,17
7147,16,14
7148,7,2
7149,3,17
7150,15,14
7151,19,2
7152,1,3
7153,12,17
7154,8,17
7155,23,16
7156,19,16
7157,7,2
7158,12,17
7159,3,16
7160,19,2
7161,24,17
7162,10,16
7163,4,17
7164,14,2
7165,8,16
7166,12,17
7167,1,16
7168,12,17
7169,2,2
7170,4,17
7171,2,2
